rank	motif_DB	motif_ID	motif_alt_ID	consensus	p-value	adj_p-value	E-value	tests	FASTA_max	pos	neg	U	pleft	pright	pboth	adj_pleft	adj_pright	adj_pboth
1	JASPAR2024_CORE_vertebrates_non-redundant.meme	MA0697.3	Zic3	CAGCAGG	0.00e0	0.00e0	0.00e0	1	6900	6900	0	2.192e+08	1.00e0	0.00e0	0.00e0	1.00e0	0.00e0	0.00e0
2	JASPAR2024_CORE_vertebrates_non-redundant.meme	MA1629.2	Zic2	CACAGCAGG	0.00e0	0.00e0	0.00e0	1	6900	6900	0	2.132e+08	1.00e0	0.00e0	0.00e0	1.00e0	0.00e0	0.00e0
3	JASPAR2024_CORE_vertebrates_non-redundant.meme	MA1628.2	Zic1::Zic2	CAGCAGG	0.00e0	0.00e0	0.00e0	1	6900	6900	0	2.192e+08	1.00e0	0.00e0	0.00e0	1.00e0	0.00e0	0.00e0
4	JASPAR2024_CORE_vertebrates_non-redundant.meme	MA0146.3	Zfx	GCCBVGGCCT	0.00e0	0.00e0	0.00e0	1	6900	6900	0	2.227e+08	1.00e0	0.00e0	0.00e0	1.00e0	0.00e0	0.00e0
5	JASPAR2024_CORE_vertebrates_non-redundant.meme	MA2002.2	Zfp335	TCAGGCA	0.00e0	0.00e0	0.00e0	1	6900	6900	0	2.011e+08	1.00e0	0.00e0	0.00e0	1.00e0	0.00e0	0.00e0
6	JASPAR2024_CORE_vertebrates_non-redundant.meme	MA1627.2	Wt1	CCTCCCCCAC	0.00e0	0.00e0	0.00e0	1	6900	6900	0	2.254e+08	1.00e0	0.00e0	0.00e0	1.00e0	0.00e0	0.00e0
7	JASPAR2024_CORE_vertebrates_non-redundant.meme	MA0633.3	Twist2	CAGCTG	0.00e0	0.00e0	0.00e0	1	6900	6900	0	2.092e+08	1.00e0	0.00e0	0.00e0	1.00e0	0.00e0	0.00e0
8	JASPAR2024_CORE_vertebrates_non-redundant.meme	MA0521.3	Tcf12	CAGCTG	0.00e0	0.00e0	0.00e0	1	6900	6900	0	2.046e+08	1.00e0	0.00e0	0.00e0	1.00e0	0.00e0	0.00e0
9	JASPAR2024_CORE_vertebrates_non-redundant.meme	MA1567.3	Tbx6	RGGTGTGAA	0.00e0	0.00e0	0.00e0	1	6900	6900	0	1.975e+08	1.00e0	0.00e0	0.00e0	1.00e0	0.00e0	0.00e0
10	JASPAR2024_CORE_vertebrates_non-redundant.meme	MA1724.2	Rfx6	CCTAGCAAC	0.00e0	0.00e0	0.00e0	1	6900	6900	0	1.957e+08	1.00e0	0.00e0	0.00e0	1.00e0	0.00e0	0.00e0
11	JASPAR2024_CORE_vertebrates_non-redundant.meme	MA1620.2	Ptf1A	ACACCTGT	0.00e0	0.00e0	0.00e0	1	6900	6900	0	2.054e+08	1.00e0	0.00e0	0.00e0	1.00e0	0.00e0	0.00e0
12	JASPAR2024_CORE_vertebrates_non-redundant.meme	MA1619.2	Ptf1A	ACAGCTGT	0.00e0	0.00e0	0.00e0	1	6900	6900	0	1.990e+08	1.00e0	0.00e0	0.00e0	1.00e0	0.00e0	0.00e0
13	JASPAR2024_CORE_vertebrates_non-redundant.meme	MA1999.2	Prdm5	GTTCTCCATCT	0.00e0	0.00e0	0.00e0	1	6900	6900	0	2.005e+08	1.00e0	0.00e0	0.00e0	1.00e0	0.00e0	0.00e0
14	JASPAR2024_CORE_vertebrates_non-redundant.meme	MA1998.2	Prdm14	GGTCTCTA	0.00e0	0.00e0	0.00e0	1	6900	6900	0	1.982e+08	1.00e0	0.00e0	0.00e0	1.00e0	0.00e0	0.00e0
15	JASPAR2024_CORE_vertebrates_non-redundant.meme	MA1615.2	Plagl1	TGGGGCCA	0.00e0	0.00e0	0.00e0	1	6900	6900	0	2.204e+08	1.00e0	0.00e0	0.00e0	1.00e0	0.00e0	0.00e0
16	JASPAR2024_CORE_vertebrates_non-redundant.meme	MA1997.2	Olig2	CAGCTG	0.00e0	0.00e0	0.00e0	1	6900	6900	0	2.097e+08	1.00e0	0.00e0	0.00e0	1.00e0	0.00e0	0.00e0
17	JASPAR2024_CORE_vertebrates_non-redundant.meme	MA0506.3	Nrf1	CTGCGCMTGCGC	0.00e0	0.00e0	0.00e0	1	6900	6900	0	2.357e+08	1.00e0	0.00e0	0.00e0	1.00e0	0.00e0	0.00e0
18	JASPAR2024_CORE_vertebrates_non-redundant.meme	MA1995.2	Npas4	TCGTGAC	0.00e0	0.00e0	0.00e0	1	6900	6900	0	2.071e+08	1.00e0	0.00e0	0.00e0	1.00e0	0.00e0	0.00e0
19	JASPAR2024_CORE_vertebrates_non-redundant.meme	MA1993.2	Neurod2	CAGCTG	0.00e0	0.00e0	0.00e0	1	6900	6900	0	2.094e+08	1.00e0	0.00e0	0.00e0	1.00e0	0.00e0	0.00e0
20	JASPAR2024_CORE_vertebrates_non-redundant.meme	MA0622.2	Mlxip	CACGTG	0.00e0	0.00e0	0.00e0	1	6900	6900	0	2.119e+08	1.00e0	0.00e0	0.00e0	1.00e0	0.00e0	0.00e0
21	JASPAR2024_CORE_vertebrates_non-redundant.meme	MA1992.2	Ikzf3	CAGGAAGTG	0.00e0	0.00e0	0.00e0	1	6900	6900	0	2.048e+08	1.00e0	0.00e0	0.00e0	1.00e0	0.00e0	0.00e0
22	JASPAR2024_CORE_vertebrates_non-redundant.meme	MA0739.2	Hic1	RTGCCAAC	0.00e0	0.00e0	0.00e0	1	6900	6900	0	2.010e+08	1.00e0	0.00e0	0.00e0	1.00e0	0.00e0	0.00e0
23	JASPAR2024_CORE_vertebrates_non-redundant.meme	MA0615.2	Gmeb1	KACGTM	0.00e0	0.00e0	0.00e0	1	6900	6900	0	2.249e+08	1.00e0	0.00e0	0.00e0	1.00e0	0.00e0	0.00e0
24	JASPAR2024_CORE_vertebrates_non-redundant.meme	MA0734.4	Gli2	GACCACCCA	0.00e0	0.00e0	0.00e0	1	6900	6900	0	2.163e+08	1.00e0	0.00e0	0.00e0	1.00e0	0.00e0	0.00e0
25	JASPAR2024_CORE_vertebrates_non-redundant.meme	MA1990.2	Gli1	RGACCACCCA	0.00e0	0.00e0	0.00e0	1	6900	6900	0	2.128e+08	1.00e0	0.00e0	0.00e0	1.00e0	0.00e0	0.00e0
26	JASPAR2024_CORE_vertebrates_non-redundant.meme	MA0474.4	Erg	ACAGGAAGTG	0.00e0	0.00e0	0.00e0	1	6900	6900	0	1.985e+08	1.00e0	0.00e0	0.00e0	1.00e0	0.00e0	0.00e0
27	JASPAR2024_CORE_vertebrates_non-redundant.meme	MA1604.2	Ebf2	CCCAAGGGA	0.00e0	0.00e0	0.00e0	1	6900	6900	0	2.181e+08	1.00e0	0.00e0	0.00e0	1.00e0	0.00e0	0.00e0
28	JASPAR2024_CORE_vertebrates_non-redundant.meme	MA1472.3	Bhlha15	ACAGCTGT	0.00e0	0.00e0	0.00e0	1	6900	6900	0	1.966e+08	1.00e0	0.00e0	0.00e0	1.00e0	0.00e0	0.00e0
29	JASPAR2024_CORE_vertebrates_non-redundant.meme	MA0603.2	Arntl	GTCACGTG	0.00e0	0.00e0	0.00e0	1	6900	6900	0	2.078e+08	1.00e0	0.00e0	0.00e0	1.00e0	0.00e0	0.00e0
30	JASPAR2024_CORE_vertebrates_non-redundant.meme	MA0007.4	Ar	RGGWACAYNGTGTWCY	0.00e0	0.00e0	0.00e0	1	6900	6900	0	1.964e+08	1.00e0	0.00e0	0.00e0	1.00e0	0.00e0	0.00e0
31	JASPAR2024_CORE_vertebrates_non-redundant.meme	MA0006.2	Ahr::Arnt	GCGTG	0.00e0	0.00e0	0.00e0	1	6900	6900	0	2.219e+08	1.00e0	0.00e0	0.00e0	1.00e0	0.00e0	0.00e0
32	JASPAR2024_CORE_vertebrates_non-redundant.meme	MA2340.1	Zbtb2	ACCGGAAGTG	0.00e0	0.00e0	0.00e0	1	6900	6900	0	2.298e+08	1.00e0	0.00e0	0.00e0	1.00e0	0.00e0	0.00e0
33	JASPAR2024_CORE_vertebrates_non-redundant.meme	MA2337.1	Nr1h3	AGGKCA	0.00e0	0.00e0	0.00e0	1	6900	6900	0	1.963e+08	1.00e0	0.00e0	0.00e0	1.00e0	0.00e0	0.00e0
34	JASPAR2024_CORE_vertebrates_non-redundant.meme	MA2126.1	Zfp961	GGGCGCCA	0.00e0	0.00e0	0.00e0	1	6900	6900	0	2.330e+08	1.00e0	0.00e0	0.00e0	1.00e0	0.00e0	0.00e0
35	JASPAR2024_CORE_vertebrates_non-redundant.meme	MA2125.1	Zfp809	WTCCCAGCC	0.00e0	0.00e0	0.00e0	1	6900	6900	0	2.086e+08	1.00e0	0.00e0	0.00e0	1.00e0	0.00e0	0.00e0
36	JASPAR2024_CORE_vertebrates_non-redundant.meme	MA2123.1	Hand1	TCCAGACCT	0.00e0	0.00e0	0.00e0	1	6900	6900	0	2.139e+08	1.00e0	0.00e0	0.00e0	1.00e0	0.00e0	0.00e0
37	JASPAR2024_CORE_vertebrates_non-redundant.meme	MA2122.1	Ebf4	TCCCCAGGGGA	0.00e0	0.00e0	0.00e0	1	6900	6900	0	2.168e+08	1.00e0	0.00e0	0.00e0	1.00e0	0.00e0	0.00e0
38	JASPAR2024_CORE_vertebrates_non-redundant.meme	MA0111.1	Spz1	AGGGTWWCAGC	0.00e0	0.00e0	0.00e0	1	6900	6900	0	1.980e+08	1.00e0	0.00e0	0.00e0	1.00e0	0.00e0	0.00e0
39	JASPAR2024_CORE_vertebrates_non-redundant.meme	MA1721.2	ZNF93	GGYAGCRGCAGCGG	0.00e0	0.00e0	0.00e0	1	6900	6900	0	2.327e+08	1.00e0	0.00e0	0.00e0	1.00e0	0.00e0	0.00e0
40	JASPAR2024_CORE_vertebrates_non-redundant.meme	MA1719.2	ZNF816	KGGGGACATGCHGGG	0.00e0	0.00e0	0.00e0	1	6900	6900	0	2.206e+08	1.00e0	0.00e0	0.00e0	1.00e0	0.00e0	0.00e0
41	JASPAR2024_CORE_vertebrates_non-redundant.meme	MA1731.2	ZNF768	SCCTCTCTG	0.00e0	0.00e0	0.00e0	1	6900	6900	0	2.024e+08	1.00e0	0.00e0	0.00e0	1.00e0	0.00e0	0.00e0
42	JASPAR2024_CORE_vertebrates_non-redundant.meme	MA1716.2	ZNF76	WCCCAYAATGCAHYGCG	0.00e0	0.00e0	0.00e0	1	6900	6900	0	2.122e+08	1.00e0	0.00e0	0.00e0	1.00e0	0.00e0	0.00e0
43	JASPAR2024_CORE_vertebrates_non-redundant.meme	MA0753.3	ZNF740	CCCCCCCCAC	0.00e0	0.00e0	0.00e0	1	6900	6900	0	2.245e+08	1.00e0	0.00e0	0.00e0	1.00e0	0.00e0	0.00e0
44	JASPAR2024_CORE_vertebrates_non-redundant.meme	MA1730.2	ZNF708	GCTGTRCCT	0.00e0	0.00e0	0.00e0	1	6900	6900	0	2.079e+08	1.00e0	0.00e0	0.00e0	1.00e0	0.00e0	0.00e0
45	JASPAR2024_CORE_vertebrates_non-redundant.meme	MA1987.2	ZNF701	GAGCACYAARGGGGGRA	0.00e0	0.00e0	0.00e0	1	6900	6900	0	2.182e+08	1.00e0	0.00e0	0.00e0	1.00e0	0.00e0	0.00e0
46	JASPAR2024_CORE_vertebrates_non-redundant.meme	MA1986.2	ZNF692	GGGCCCAS	0.00e0	0.00e0	0.00e0	1	6900	6900	0	2.226e+08	1.00e0	0.00e0	0.00e0	1.00e0	0.00e0	0.00e0
47	JASPAR2024_CORE_vertebrates_non-redundant.meme	MA1600.2	ZNF684	ACAGTCCACCCCTT	0.00e0	0.00e0	0.00e0	1	6900	6900	0	2.086e+08	1.00e0	0.00e0	0.00e0	1.00e0	0.00e0	0.00e0
48	JASPAR2024_CORE_vertebrates_non-redundant.meme	MA1599.2	ZNF682	GGCYAAGCCCC	0.00e0	0.00e0	0.00e0	1	6900	6900	0	2.269e+08	1.00e0	0.00e0	0.00e0	1.00e0	0.00e0	0.00e0
49	JASPAR2024_CORE_vertebrates_non-redundant.meme	MA1713.2	ZNF610	SCGCCGCTCC	0.00e0	0.00e0	0.00e0	1	6900	6900	0	2.408e+08	1.00e0	0.00e0	0.00e0	1.00e0	0.00e0	0.00e0
50	JASPAR2024_CORE_vertebrates_non-redundant.meme	MA1982.2	ZNF574	GSCTAGAGMGGCCS	0.00e0	0.00e0	0.00e0	1	6900	6900	0	2.203e+08	1.00e0	0.00e0	0.00e0	1.00e0	0.00e0	0.00e0
51	JASPAR2024_CORE_vertebrates_non-redundant.meme	MA1728.2	ZNF549	TGCTGCCC	0.00e0	0.00e0	0.00e0	1	6900	6900	0	2.206e+08	1.00e0	0.00e0	0.00e0	1.00e0	0.00e0	0.00e0
52	JASPAR2024_CORE_vertebrates_non-redundant.meme	MA1981.2	ZNF530	GMARGGMRAGGGGC	0.00e0	0.00e0	0.00e0	1	6900	6900	0	2.233e+08	1.00e0	0.00e0	0.00e0	1.00e0	0.00e0	0.00e0
53	JASPAR2024_CORE_vertebrates_non-redundant.meme	MA1712.2	ZNF454	GGCTCSSGGCCCYGVKG	0.00e0	0.00e0	0.00e0	1	6900	6900	0	2.369e+08	1.00e0	0.00e0	0.00e0	1.00e0	0.00e0	0.00e0
54	JASPAR2024_CORE_vertebrates_non-redundant.meme	MA1656.2	ZNF449	AAGCCCAACC	0.00e0	0.00e0	0.00e0	1	6900	6900	0	2.153e+08	1.00e0	0.00e0	0.00e0	1.00e0	0.00e0	0.00e0
55	JASPAR2024_CORE_vertebrates_non-redundant.meme	MA1727.2	ZNF417	GGCGCCA	0.00e0	0.00e0	0.00e0	1	6900	6900	0	2.245e+08	1.00e0	0.00e0	0.00e0	1.00e0	0.00e0	0.00e0
56	JASPAR2024_CORE_vertebrates_non-redundant.meme	MA1979.2	ZNF416	TATCTGGGCA	0.00e0	0.00e0	0.00e0	1	6900	6900	0	2.039e+08	1.00e0	0.00e0	0.00e0	1.00e0	0.00e0	0.00e0
57	JASPAR2024_CORE_vertebrates_non-redundant.meme	MA1711.2	ZNF343	CCGCTTCMCCDCGGCM	0.00e0	0.00e0	0.00e0	1	6900	6900	0	2.079e+08	1.00e0	0.00e0	0.00e0	1.00e0	0.00e0	0.00e0
58	JASPAR2024_CORE_vertebrates_non-redundant.meme	MA1655.2	ZNF341	GAACAGCC	0.00e0	0.00e0	0.00e0	1	6900	6900	0	2.025e+08	1.00e0	0.00e0	0.00e0	1.00e0	0.00e0	0.00e0
59	JASPAR2024_CORE_vertebrates_non-redundant.meme	MA1726.2	ZNF331	TGCAGAGCCC	0.00e0	0.00e0	0.00e0	1	6900	6900	0	2.098e+08	1.00e0	0.00e0	0.00e0	1.00e0	0.00e0	0.00e0
60	JASPAR2024_CORE_vertebrates_non-redundant.meme	MA1976.2	ZNF320	GKGGGRCCMRGGGGCCWGTG	0.00e0	0.00e0	0.00e0	1	6900	6900	0	2.284e+08	1.00e0	0.00e0	0.00e0	1.00e0	0.00e0	0.00e0
61	JASPAR2024_CORE_vertebrates_non-redundant.meme	MA1630.3	ZNF281	GGGGGAGGGG	0.00e0	0.00e0	0.00e0	1	6900	6900	0	2.257e+08	1.00e0	0.00e0	0.00e0	1.00e0	0.00e0	0.00e0
62	JASPAR2024_CORE_vertebrates_non-redundant.meme	MA0528.3	ZNF263	GGGAGGA	0.00e0	0.00e0	0.00e0	1	6900	6900	0	2.237e+08	1.00e0	0.00e0	0.00e0	1.00e0	0.00e0	0.00e0
63	JASPAR2024_CORE_vertebrates_non-redundant.meme	MA1710.2	ZNF257	GAGGCRAGRG	0.00e0	0.00e0	0.00e0	1	6900	6900	0	2.137e+08	1.00e0	0.00e0	0.00e0	1.00e0	0.00e0	0.00e0
64	JASPAR2024_CORE_vertebrates_non-redundant.meme	MA1725.2	ZNF189	TGCTGTTCC	0.00e0	0.00e0	0.00e0	1	6900	6900	0	1.985e+08	1.00e0	0.00e0	0.00e0	1.00e0	0.00e0	0.00e0
65	JASPAR2024_CORE_vertebrates_non-redundant.meme	MA1654.2	ZNF16	AVTRGGGAGCCATGGAAGGTT	0.00e0	0.00e0	0.00e0	1	6900	6900	0	2.026e+08	1.00e0	0.00e0	0.00e0	1.00e0	0.00e0	0.00e0
66	JASPAR2024_CORE_vertebrates_non-redundant.meme	MA1653.2	ZNF148	CCCCTCCCCC	0.00e0	0.00e0	0.00e0	1	6900	6900	0	2.334e+08	1.00e0	0.00e0	0.00e0	1.00e0	0.00e0	0.00e0
67	JASPAR2024_CORE_vertebrates_non-redundant.meme	MA1652.2	ZKSCAN5	GGARGTGAG	0.00e0	0.00e0	0.00e0	1	6900	6900	0	2.091e+08	1.00e0	0.00e0	0.00e0	1.00e0	0.00e0	0.00e0
68	JASPAR2024_CORE_vertebrates_non-redundant.meme	MA1973.2	ZKSCAN3	CCCAGGCTAGCCCA	0.00e0	0.00e0	0.00e0	1	6900	6900	0	2.171e+08	1.00e0	0.00e0	0.00e0	1.00e0	0.00e0	0.00e0
69	JASPAR2024_CORE_vertebrates_non-redundant.meme	MA1584.2	ZIC5	GACCCCCCGCTGHGM	0.00e0	0.00e0	0.00e0	1	6900	6900	0	2.296e+08	1.00e0	0.00e0	0.00e0	1.00e0	0.00e0	0.00e0
70	JASPAR2024_CORE_vertebrates_non-redundant.meme	MA0751.2	ZIC4	GRCCCCCCGCKGYG	0.00e0	0.00e0	0.00e0	1	6900	6900	0	2.344e+08	1.00e0	0.00e0	0.00e0	1.00e0	0.00e0	0.00e0
71	JASPAR2024_CORE_vertebrates_non-redundant.meme	MA1583.2	ZFP57	TGCCGCA	0.00e0	0.00e0	0.00e0	1	6900	6900	0	2.198e+08	1.00e0	0.00e0	0.00e0	1.00e0	0.00e0	0.00e0
72	JASPAR2024_CORE_vertebrates_non-redundant.meme	MA0103.4	ZEB1	CACCTG	0.00e0	0.00e0	0.00e0	1	6900	6900	0	2.231e+08	1.00e0	0.00e0	0.00e0	1.00e0	0.00e0	0.00e0
73	JASPAR2024_CORE_vertebrates_non-redundant.meme	MA0695.2	ZBTB7C	CGACCACC	0.00e0	0.00e0	0.00e0	1	6900	6900	0	2.190e+08	1.00e0	0.00e0	0.00e0	1.00e0	0.00e0	0.00e0
74	JASPAR2024_CORE_vertebrates_non-redundant.meme	MA0694.2	ZBTB7B	CGACCACCGA	0.00e0	0.00e0	0.00e0	1	6900	6900	0	2.150e+08	1.00e0	0.00e0	0.00e0	1.00e0	0.00e0	0.00e0
75	JASPAR2024_CORE_vertebrates_non-redundant.meme	MA0750.3	ZBTB7A	CCGGAAGTG	0.00e0	0.00e0	0.00e0	1	6900	6900	0	2.238e+08	1.00e0	0.00e0	0.00e0	1.00e0	0.00e0	0.00e0
76	JASPAR2024_CORE_vertebrates_non-redundant.meme	MA1581.2	ZBTB6	SCTTGAGCC	0.00e0	0.00e0	0.00e0	1	6900	6900	0	2.131e+08	1.00e0	0.00e0	0.00e0	1.00e0	0.00e0	0.00e0
77	JASPAR2024_CORE_vertebrates_non-redundant.meme	MA0527.2	ZBTB33	TCTCGCGAGA	0.00e0	0.00e0	0.00e0	1	6900	6900	0	2.206e+08	1.00e0	0.00e0	0.00e0	1.00e0	0.00e0	0.00e0
78	JASPAR2024_CORE_vertebrates_non-redundant.meme	MA1650.2	ZBTB14	CCGCGCAC	0.00e0	0.00e0	0.00e0	1	6900	6900	0	2.411e+08	1.00e0	0.00e0	0.00e0	1.00e0	0.00e0	0.00e0
79	JASPAR2024_CORE_vertebrates_non-redundant.meme	MA1649.2	ZBTB12	CTRGAAC	0.00e0	0.00e0	0.00e0	1	6900	6900	0	1.984e+08	1.00e0	0.00e0	0.00e0	1.00e0	0.00e0	0.00e0
80	JASPAR2024_CORE_vertebrates_non-redundant.meme	MA1971.2	ZBED2	CGAAACC	0.00e0	0.00e0	0.00e0	1	6900	6900	0	2.040e+08	1.00e0	0.00e0	0.00e0	1.00e0	0.00e0	0.00e0
81	JASPAR2024_CORE_vertebrates_non-redundant.meme	MA0748.3	YY2	ATGGCGG	0.00e0	0.00e0	0.00e0	1	6900	6900	0	2.186e+08	1.00e0	0.00e0	0.00e0	1.00e0	0.00e0	0.00e0
82	JASPAR2024_CORE_vertebrates_non-redundant.meme	MA0844.2	XBP1	GMCACGTCATC	0.00e0	0.00e0	0.00e0	1	6900	6900	0	2.052e+08	1.00e0	0.00e0	0.00e0	1.00e0	0.00e0	0.00e0
83	JASPAR2024_CORE_vertebrates_non-redundant.meme	MA1578.2	VEZF1	CCCCCC	0.00e0	0.00e0	0.00e0	1	6900	6900	0	2.247e+08	1.00e0	0.00e0	0.00e0	1.00e0	0.00e0	0.00e0
84	JASPAR2024_CORE_vertebrates_non-redundant.meme	MA0526.5	USF2	RTCACGTGAY	0.00e0	0.00e0	0.00e0	1	6900	6900	0	2.027e+08	1.00e0	0.00e0	0.00e0	1.00e0	0.00e0	0.00e0
85	JASPAR2024_CORE_vertebrates_non-redundant.meme	MA0861.2	TP73	RCATGTCNNRACAYGY	0.00e0	0.00e0	0.00e0	1	6900	6900	0	2.026e+08	1.00e0	0.00e0	0.00e0	1.00e0	0.00e0	0.00e0
86	JASPAR2024_CORE_vertebrates_non-redundant.meme	MA1576.2	THRB	TGACCTBACGTGACCTYA	0.00e0	0.00e0	0.00e0	1	6900	6900	0	1.973e+08	1.00e0	0.00e0	0.00e0	1.00e0	0.00e0	0.00e0
87	JASPAR2024_CORE_vertebrates_non-redundant.meme	MA1575.2	THRB	TGACCTBRNYVAGGTCA	0.00e0	0.00e0	0.00e0	1	6900	6900	0	2.167e+08	1.00e0	0.00e0	0.00e0	1.00e0	0.00e0	0.00e0
88	JASPAR2024_CORE_vertebrates_non-redundant.meme	MA1969.2	THRA	GTGTCCTCABRTGACCTY	0.00e0	0.00e0	0.00e0	1	6900	6900	0	2.061e+08	1.00e0	0.00e0	0.00e0	1.00e0	0.00e0	0.00e0
89	JASPAR2024_CORE_vertebrates_non-redundant.meme	MA0597.3	THAP1	GCAGGGCA	0.00e0	0.00e0	0.00e0	1	6900	6900	0	2.140e+08	1.00e0	0.00e0	0.00e0	1.00e0	0.00e0	0.00e0
90	JASPAR2024_CORE_vertebrates_non-redundant.meme	MA1122.2	TFDP1	SGCGGGAA	0.00e0	0.00e0	0.00e0	1	6900	6900	0	2.343e+08	1.00e0	0.00e0	0.00e0	1.00e0	0.00e0	0.00e0
91	JASPAR2024_CORE_vertebrates_non-redundant.meme	MA1967.2	TFAP4::FLI1	ACCGGAAACAGCTG	0.00e0	0.00e0	0.00e0	1	6900	6900	0	2.045e+08	1.00e0	0.00e0	0.00e0	1.00e0	0.00e0	0.00e0
92	JASPAR2024_CORE_vertebrates_non-redundant.meme	MA1966.2	TFAP4::ETV1	SCGGAAGCAGSTG	0.00e0	0.00e0	0.00e0	1	6900	6900	0	2.226e+08	1.00e0	0.00e0	0.00e0	1.00e0	0.00e0	0.00e0
93	JASPAR2024_CORE_vertebrates_non-redundant.meme	MA1569.2	TFAP2E	GCCYSRGGC	0.00e0	0.00e0	0.00e0	1	6900	6900	0	2.323e+08	1.00e0	0.00e0	0.00e0	1.00e0	0.00e0	0.00e0
94	JASPAR2024_CORE_vertebrates_non-redundant.meme	MA0814.3	TFAP2C	GCCTGAGGC	0.00e0	0.00e0	0.00e0	1	6900	6900	0	2.288e+08	1.00e0	0.00e0	0.00e0	1.00e0	0.00e0	0.00e0
95	JASPAR2024_CORE_vertebrates_non-redundant.meme	MA0524.3	TFAP2C	GCCYBVRGGCA	0.00e0	0.00e0	0.00e0	1	6900	6900	0	2.331e+08	1.00e0	0.00e0	0.00e0	1.00e0	0.00e0	0.00e0
96	JASPAR2024_CORE_vertebrates_non-redundant.meme	MA0812.2	TFAP2B	GCCTSAGGC	0.00e0	0.00e0	0.00e0	1	6900	6900	0	2.280e+08	1.00e0	0.00e0	0.00e0	1.00e0	0.00e0	0.00e0
97	JASPAR2024_CORE_vertebrates_non-redundant.meme	MA0811.2	TFAP2B	GCCCBVRGGCA	0.00e0	0.00e0	0.00e0	1	6900	6900	0	2.323e+08	1.00e0	0.00e0	0.00e0	1.00e0	0.00e0	0.00e0
98	JASPAR2024_CORE_vertebrates_non-redundant.meme	MA0003.5	TFAP2A	GCCTCAGGC	0.00e0	0.00e0	0.00e0	1	6900	6900	0	2.255e+08	1.00e0	0.00e0	0.00e0	1.00e0	0.00e0	0.00e0
99	JASPAR2024_CORE_vertebrates_non-redundant.meme	MA0810.2	TFAP2A	YGCCCBVRGGC	0.00e0	0.00e0	0.00e0	1	6900	6900	0	2.349e+08	1.00e0	0.00e0	0.00e0	1.00e0	0.00e0	0.00e0
100	JASPAR2024_CORE_vertebrates_non-redundant.meme	MA0632.3	TCFL5	KCACGCGC	0.00e0	0.00e0	0.00e0	1	6900	6900	0	2.206e+08	1.00e0	0.00e0	0.00e0	1.00e0	0.00e0	0.00e0
101	JASPAR2024_CORE_vertebrates_non-redundant.meme	MA0830.3	TCF4	GCACCTGC	0.00e0	0.00e0	0.00e0	1	6900	6900	0	2.274e+08	1.00e0	0.00e0	0.00e0	1.00e0	0.00e0	0.00e0
102	JASPAR2024_CORE_vertebrates_non-redundant.meme	MA1648.2	TCF12	CACCTGC	0.00e0	0.00e0	0.00e0	1	6900	6900	0	2.283e+08	1.00e0	0.00e0	0.00e0	1.00e0	0.00e0	0.00e0
103	JASPAR2024_CORE_vertebrates_non-redundant.meme	MA1565.2	TBX18	AGGTGTGAA	0.00e0	0.00e0	0.00e0	1	6900	6900	0	2.040e+08	1.00e0	0.00e0	0.00e0	1.00e0	0.00e0	0.00e0
104	JASPAR2024_CORE_vertebrates_non-redundant.meme	MA1564.2	SP9	CCACGCCCMC	0.00e0	0.00e0	0.00e0	1	6900	6900	0	2.336e+08	1.00e0	0.00e0	0.00e0	1.00e0	0.00e0	0.00e0
105	JASPAR2024_CORE_vertebrates_non-redundant.meme	MA0747.2	SP8	CCACGCCCMCY	0.00e0	0.00e0	0.00e0	1	6900	6900	0	2.248e+08	1.00e0	0.00e0	0.00e0	1.00e0	0.00e0	0.00e0
106	JASPAR2024_CORE_vertebrates_non-redundant.meme	MA1965.2	SP5	CCTCCC	0.00e0	0.00e0	0.00e0	1	6900	6900	0	2.299e+08	1.00e0	0.00e0	0.00e0	1.00e0	0.00e0	0.00e0
107	JASPAR2024_CORE_vertebrates_non-redundant.meme	MA0746.3	SP3	GCCACGCCCMC	0.00e0	0.00e0	0.00e0	1	6900	6900	0	2.292e+08	1.00e0	0.00e0	0.00e0	1.00e0	0.00e0	0.00e0
108	JASPAR2024_CORE_vertebrates_non-redundant.meme	MA1560.2	SOHLH2	GCACGTGC	0.00e0	0.00e0	0.00e0	1	6900	6900	0	2.132e+08	1.00e0	0.00e0	0.00e0	1.00e0	0.00e0	0.00e0
109	JASPAR2024_CORE_vertebrates_non-redundant.meme	MA1559.2	SNAI3	RCAGGTGYA	0.00e0	0.00e0	0.00e0	1	6900	6900	0	2.046e+08	1.00e0	0.00e0	0.00e0	1.00e0	0.00e0	0.00e0
110	JASPAR2024_CORE_vertebrates_non-redundant.meme	MA0745.3	SNAI2	GCACCTGT	0.00e0	0.00e0	0.00e0	1	6900	6900	0	2.136e+08	1.00e0	0.00e0	0.00e0	1.00e0	0.00e0	0.00e0
111	JASPAR2024_CORE_vertebrates_non-redundant.meme	MA1558.2	SNAI1	RCAGGTG	0.00e0	0.00e0	0.00e0	1	6900	6900	0	2.080e+08	1.00e0	0.00e0	0.00e0	1.00e0	0.00e0	0.00e0
112	JASPAR2024_CORE_vertebrates_non-redundant.meme	MA1964.2	SMAD2	CCAGAC	0.00e0	0.00e0	0.00e0	1	6900	6900	0	2.041e+08	1.00e0	0.00e0	0.00e0	1.00e0	0.00e0	0.00e0
113	JASPAR2024_CORE_vertebrates_non-redundant.meme	MA0073.2	RREB1	CCCCMAAMCAMCCMCMMMC	0.00e0	0.00e0	0.00e0	1	6900	6900	0	2.029e+08	1.00e0	0.00e0	0.00e0	1.00e0	0.00e0	0.00e0
114	JASPAR2024_CORE_vertebrates_non-redundant.meme	MA1554.2	RFX7	CGTTGCYA	0.00e0	0.00e0	0.00e0	1	6900	6900	0	2.008e+08	1.00e0	0.00e0	0.00e0	1.00e0	0.00e0	0.00e0
115	JASPAR2024_CORE_vertebrates_non-redundant.meme	MA0799.3	RFX4	GTTGCYWRGCAAC	0.00e0	0.00e0	0.00e0	1	6900	6900	0	2.020e+08	1.00e0	0.00e0	0.00e0	1.00e0	0.00e0	0.00e0
116	JASPAR2024_CORE_vertebrates_non-redundant.meme	MA0138.3	REST	TCAGCACCATGGACAGCDCC	0.00e0	0.00e0	0.00e0	1	6900	6900	0	2.124e+08	1.00e0	0.00e0	0.00e0	1.00e0	0.00e0	0.00e0
117	JASPAR2024_CORE_vertebrates_non-redundant.meme	MA1149.2	RARA::RXRG	RGGTCAHNNNRRGGTCA	0.00e0	0.00e0	0.00e0	1	6900	6900	0	2.154e+08	1.00e0	0.00e0	0.00e0	1.00e0	0.00e0	0.00e0
118	JASPAR2024_CORE_vertebrates_non-redundant.meme	MA1723.2	PRDM9	RGDGGGVAGGGRGGVRRMAR	0.00e0	0.00e0	0.00e0	1	6900	6900	0	2.200e+08	1.00e0	0.00e0	0.00e0	1.00e0	0.00e0	0.00e0
119	JASPAR2024_CORE_vertebrates_non-redundant.meme	MA1548.2	PLAGL2	GGGCCCCC	0.00e0	0.00e0	0.00e0	1	6900	6900	0	2.281e+08	1.00e0	0.00e0	0.00e0	1.00e0	0.00e0	0.00e0
120	JASPAR2024_CORE_vertebrates_non-redundant.meme	MA1114.2	PBX3	TGAGTGACAGG	0.00e0	0.00e0	0.00e0	1	6900	6900	0	1.958e+08	1.00e0	0.00e0	0.00e0	1.00e0	0.00e0	0.00e0
121	JASPAR2024_CORE_vertebrates_non-redundant.meme	MA0067.3	PAX2	BCAVTSRAGCGTGACG	0.00e0	0.00e0	0.00e0	1	6900	6900	0	2.138e+08	1.00e0	0.00e0	0.00e0	1.00e0	0.00e0	0.00e0
122	JASPAR2024_CORE_vertebrates_non-redundant.meme	MA1961.2	PATZ1	SGGGGMGGGGS	0.00e0	0.00e0	0.00e0	1	6900	6900	0	2.377e+08	1.00e0	0.00e0	0.00e0	1.00e0	0.00e0	0.00e0
123	JASPAR2024_CORE_vertebrates_non-redundant.meme	MA1545.2	OVOL2	ACCGTTA	0.00e0	0.00e0	0.00e0	1	6900	6900	0	2.174e+08	1.00e0	0.00e0	0.00e0	1.00e0	0.00e0	0.00e0
124	JASPAR2024_CORE_vertebrates_non-redundant.meme	MA1646.2	OSR2	ACAGAAGC	0.00e0	0.00e0	0.00e0	1	6900	6900	0	1.969e+08	1.00e0	0.00e0	0.00e0	1.00e0	0.00e0	0.00e0
125	JASPAR2024_CORE_vertebrates_non-redundant.meme	MA1542.2	OSR1	GCTACYGT	0.00e0	0.00e0	0.00e0	1	6900	6900	0	2.014e+08	1.00e0	0.00e0	0.00e0	1.00e0	0.00e0	0.00e0
126	JASPAR2024_CORE_vertebrates_non-redundant.meme	MA1147.2	NR4A2::RXRA	RGGTCRTTGACCY	0.00e0	0.00e0	0.00e0	1	6900	6900	0	2.007e+08	1.00e0	0.00e0	0.00e0	1.00e0	0.00e0	0.00e0
127	JASPAR2024_CORE_vertebrates_non-redundant.meme	MA1536.2	NR2C2	RGGTCA	0.00e0	0.00e0	0.00e0	1	6900	6900	0	1.985e+08	1.00e0	0.00e0	0.00e0	1.00e0	0.00e0	0.00e0
128	JASPAR2024_CORE_vertebrates_non-redundant.meme	MA0504.2	NR2C2	GRGGTCARAGGTCA	0.00e0	0.00e0	0.00e0	1	6900	6900	0	2.052e+08	1.00e0	0.00e0	0.00e0	1.00e0	0.00e0	0.00e0
129	JASPAR2024_CORE_vertebrates_non-redundant.meme	MA1535.2	NR2C1	RGGTCA	0.00e0	0.00e0	0.00e0	1	6900	6900	0	1.994e+08	1.00e0	0.00e0	0.00e0	1.00e0	0.00e0	0.00e0
130	JASPAR2024_CORE_vertebrates_non-redundant.meme	MA1533.2	NR1I2	YGAACTSVDTGAACT	0.00e0	0.00e0	0.00e0	1	6900	6900	0	2.063e+08	1.00e0	0.00e0	0.00e0	1.00e0	0.00e0	0.00e0
131	JASPAR2024_CORE_vertebrates_non-redundant.meme	MA1146.2	NR1H4::RXRA	AGKTCATTGACCY	0.00e0	0.00e0	0.00e0	1	6900	6900	0	1.980e+08	1.00e0	0.00e0	0.00e0	1.00e0	0.00e0	0.00e0
132	JASPAR2024_CORE_vertebrates_non-redundant.meme	MA1531.2	NR1D1	RGGTYAGTRGGTCA	0.00e0	0.00e0	0.00e0	1	6900	6900	0	1.988e+08	1.00e0	0.00e0	0.00e0	1.00e0	0.00e0	0.00e0
133	JASPAR2024_CORE_vertebrates_non-redundant.meme	MA1529.2	NHLH2	GGNCGCAGCTGCGYCC	0.00e0	0.00e0	0.00e0	1	6900	6900	0	2.101e+08	1.00e0	0.00e0	0.00e0	1.00e0	0.00e0	0.00e0
134	JASPAR2024_CORE_vertebrates_non-redundant.meme	MA0778.2	NFKB2	GGGGAWTCCCC	0.00e0	0.00e0	0.00e0	1	6900	6900	0	2.100e+08	1.00e0	0.00e0	0.00e0	1.00e0	0.00e0	0.00e0
135	JASPAR2024_CORE_vertebrates_non-redundant.meme	MA1528.2	NFIX	TTGGCRNNGTGCCA	0.00e0	0.00e0	0.00e0	1	6900	6900	0	2.104e+08	1.00e0	0.00e0	0.00e0	1.00e0	0.00e0	0.00e0
136	JASPAR2024_CORE_vertebrates_non-redundant.meme	MA0671.2	NFIX	TGCCAA	0.00e0	0.00e0	0.00e0	1	6900	6900	0	1.981e+08	1.00e0	0.00e0	0.00e0	1.00e0	0.00e0	0.00e0
137	JASPAR2024_CORE_vertebrates_non-redundant.meme	MA1527.2	NFIC	TTGGCDNNRTGCCAR	0.00e0	0.00e0	0.00e0	1	6900	6900	0	2.021e+08	1.00e0	0.00e0	0.00e0	1.00e0	0.00e0	0.00e0
138	JASPAR2024_CORE_vertebrates_non-redundant.meme	MA1643.2	NFIB	CCTGGCAYNGTGCCAAG	0.00e0	0.00e0	0.00e0	1	6900	6900	0	2.089e+08	1.00e0	0.00e0	0.00e0	1.00e0	0.00e0	0.00e0
139	JASPAR2024_CORE_vertebrates_non-redundant.meme	MA0056.3	MZF1	AATCCCCA	0.00e0	0.00e0	0.00e0	1	6900	6900	0	2.028e+08	1.00e0	0.00e0	0.00e0	1.00e0	0.00e0	0.00e0
140	JASPAR2024_CORE_vertebrates_non-redundant.meme	MA0500.3	MYOG	RCAGCTGY	0.00e0	0.00e0	0.00e0	1	6900	6900	0	2.058e+08	1.00e0	0.00e0	0.00e0	1.00e0	0.00e0	0.00e0
141	JASPAR2024_CORE_vertebrates_non-redundant.meme	MA0499.3	MYOD1	GCACCTGTC	0.00e0	0.00e0	0.00e0	1	6900	6900	0	2.119e+08	1.00e0	0.00e0	0.00e0	1.00e0	0.00e0	0.00e0
142	JASPAR2024_CORE_vertebrates_non-redundant.meme	MA1641.2	MYF5	ACAGCTGT	0.00e0	0.00e0	0.00e0	1	6900	6900	0	1.963e+08	1.00e0	0.00e0	0.00e0	1.00e0	0.00e0	0.00e0
143	JASPAR2024_CORE_vertebrates_non-redundant.meme	MA0104.5	MYCN	CCACGTGG	0.00e0	0.00e0	0.00e0	1	6900	6900	0	2.162e+08	1.00e0	0.00e0	0.00e0	1.00e0	0.00e0	0.00e0
144	JASPAR2024_CORE_vertebrates_non-redundant.meme	MA0825.2	MNT	CACGTG	0.00e0	0.00e0	0.00e0	1	6900	6900	0	1.978e+08	1.00e0	0.00e0	0.00e0	1.00e0	0.00e0	0.00e0
145	JASPAR2024_CORE_vertebrates_non-redundant.meme	MA0664.2	MLXIPL	RTCACGTG	0.00e0	0.00e0	0.00e0	1	6900	6900	0	2.009e+08	1.00e0	0.00e0	0.00e0	1.00e0	0.00e0	0.00e0
146	JASPAR2024_CORE_vertebrates_non-redundant.meme	MA1522.2	MAZ	CCCCTCCC	0.00e0	0.00e0	0.00e0	1	6900	6900	0	2.311e+08	1.00e0	0.00e0	0.00e0	1.00e0	0.00e0	0.00e0
147	JASPAR2024_CORE_vertebrates_non-redundant.meme	MA0147.4	MYC	CCACGTGC	0.00e0	0.00e0	0.00e0	1	6900	6900	0	2.148e+08	1.00e0	0.00e0	0.00e0	1.00e0	0.00e0	0.00e0
148	JASPAR2024_CORE_vertebrates_non-redundant.meme	MA0059.2	MAX::MYC	ASCACGTGGT	0.00e0	0.00e0	0.00e0	1	6900	6900	0	1.957e+08	1.00e0	0.00e0	0.00e0	1.00e0	0.00e0	0.00e0
149	JASPAR2024_CORE_vertebrates_non-redundant.meme	MA1521.2	MAFA	TGCTGASTCAGCA	0.00e0	0.00e0	0.00e0	1	6900	6900	0	1.995e+08	1.00e0	0.00e0	0.00e0	1.00e0	0.00e0	0.00e0
150	JASPAR2024_CORE_vertebrates_non-redundant.meme	MA1107.3	KLF9	GCCACACCCAC	0.00e0	0.00e0	0.00e0	1	6900	6900	0	2.211e+08	1.00e0	0.00e0	0.00e0	1.00e0	0.00e0	0.00e0
151	JASPAR2024_CORE_vertebrates_non-redundant.meme	MA1959.2	KLF7	GGGCGGGG	0.00e0	0.00e0	0.00e0	1	6900	6900	0	2.322e+08	1.00e0	0.00e0	0.00e0	1.00e0	0.00e0	0.00e0
152	JASPAR2024_CORE_vertebrates_non-redundant.meme	MA1517.2	KLF6	CCACGCCCH	0.00e0	0.00e0	0.00e0	1	6900	6900	0	2.255e+08	1.00e0	0.00e0	0.00e0	1.00e0	0.00e0	0.00e0
153	JASPAR2024_CORE_vertebrates_non-redundant.meme	MA0039.5	KLF4	CCCCACCC	0.00e0	0.00e0	0.00e0	1	6900	6900	0	2.299e+08	1.00e0	0.00e0	0.00e0	1.00e0	0.00e0	0.00e0
154	JASPAR2024_CORE_vertebrates_non-redundant.meme	MA1516.2	KLF3	GRCCRCGCCC	0.00e0	0.00e0	0.00e0	1	6900	6900	0	2.294e+08	1.00e0	0.00e0	0.00e0	1.00e0	0.00e0	0.00e0
155	JASPAR2024_CORE_vertebrates_non-redundant.meme	MA1515.2	KLF2	CCACRCCC	0.00e0	0.00e0	0.00e0	1	6900	6900	0	2.332e+08	1.00e0	0.00e0	0.00e0	1.00e0	0.00e0	0.00e0
156	JASPAR2024_CORE_vertebrates_non-redundant.meme	MA1514.2	KLF17	MCCACGCACCCMTY	0.00e0	0.00e0	0.00e0	1	6900	6900	0	2.227e+08	1.00e0	0.00e0	0.00e0	1.00e0	0.00e0	0.00e0
157	JASPAR2024_CORE_vertebrates_non-redundant.meme	MA1513.2	KLF15	CCCCGCCC	0.00e0	0.00e0	0.00e0	1	6900	6900	0	2.435e+08	1.00e0	0.00e0	0.00e0	1.00e0	0.00e0	0.00e0
158	JASPAR2024_CORE_vertebrates_non-redundant.meme	MA0657.2	KLF13	TGMCACGCCCCTTTTTG	0.00e0	0.00e0	0.00e0	1	6900	6900	0	2.095e+08	1.00e0	0.00e0	0.00e0	1.00e0	0.00e0	0.00e0
159	JASPAR2024_CORE_vertebrates_non-redundant.meme	MA1512.2	KLF11	CCACGCCCMC	0.00e0	0.00e0	0.00e0	1	6900	6900	0	2.274e+08	1.00e0	0.00e0	0.00e0	1.00e0	0.00e0	0.00e0
160	JASPAR2024_CORE_vertebrates_non-redundant.meme	MA0493.3	KLF1	GGGYGGGG	0.00e0	0.00e0	0.00e0	1	6900	6900	0	2.292e+08	1.00e0	0.00e0	0.00e0	1.00e0	0.00e0	0.00e0
161	JASPAR2024_CORE_vertebrates_non-redundant.meme	MA1566.3	TBX3	AGGTGTGAA	0.00e0	0.00e0	0.00e0	1	6900	6900	0	1.963e+08	1.00e0	0.00e0	0.00e0	1.00e0	0.00e0	0.00e0
162	JASPAR2024_CORE_vertebrates_non-redundant.meme	MA0131.3	HINFP	RCGTCCGC	0.00e0	0.00e0	0.00e0	1	6900	6900	0	2.350e+08	1.00e0	0.00e0	0.00e0	1.00e0	0.00e0	0.00e0
163	JASPAR2024_CORE_vertebrates_non-redundant.meme	MA1106.2	HIF1A	ACGTGC	0.00e0	0.00e0	0.00e0	1	6900	6900	0	2.154e+08	1.00e0	0.00e0	0.00e0	1.00e0	0.00e0	0.00e0
164	JASPAR2024_CORE_vertebrates_non-redundant.meme	MA0738.2	HIC2	RTGCCC	0.00e0	0.00e0	0.00e0	1	6900	6900	0	1.999e+08	1.00e0	0.00e0	0.00e0	1.00e0	0.00e0	0.00e0
165	JASPAR2024_CORE_vertebrates_non-redundant.meme	MA0649.2	HEY2	GRCACGTGY	0.00e0	0.00e0	0.00e0	1	6900	6900	0	2.244e+08	1.00e0	0.00e0	0.00e0	1.00e0	0.00e0	0.00e0
166	JASPAR2024_CORE_vertebrates_non-redundant.meme	MA0616.3	HES2	GGCACGTGY	0.00e0	0.00e0	0.00e0	1	6900	6900	0	2.153e+08	1.00e0	0.00e0	0.00e0	1.00e0	0.00e0	0.00e0
167	JASPAR2024_CORE_vertebrates_non-redundant.meme	MA1099.3	HES1	GGCRCGTG	0.00e0	0.00e0	0.00e0	1	6900	6900	0	2.124e+08	1.00e0	0.00e0	0.00e0	1.00e0	0.00e0	0.00e0
168	JASPAR2024_CORE_vertebrates_non-redundant.meme	MA0522.4	TCF3	CACCTGC	0.00e0	0.00e0	0.00e0	1	6900	6900	0	2.254e+08	1.00e0	0.00e0	0.00e0	1.00e0	0.00e0	0.00e0
169	JASPAR2024_CORE_vertebrates_non-redundant.meme	MA0735.2	GLIS1	MGACCCCCCACGAWG	0.00e0	0.00e0	0.00e0	1	6900	6900	0	2.169e+08	1.00e0	0.00e0	0.00e0	1.00e0	0.00e0	0.00e0
170	JASPAR2024_CORE_vertebrates_non-redundant.meme	MA1491.3	GLI3	RGACCACCCACGWHG	0.00e0	0.00e0	0.00e0	1	6900	6900	0	2.120e+08	1.00e0	0.00e0	0.00e0	1.00e0	0.00e0	0.00e0
171	JASPAR2024_CORE_vertebrates_non-redundant.meme	MA0767.2	GCM2	ATGCGGGT	0.00e0	0.00e0	0.00e0	1	6900	6900	0	2.147e+08	1.00e0	0.00e0	0.00e0	1.00e0	0.00e0	0.00e0
172	JASPAR2024_CORE_vertebrates_non-redundant.meme	MA0646.2	GCM1	ATGCGGGTAC	0.00e0	0.00e0	0.00e0	1	6900	6900	0	2.102e+08	1.00e0	0.00e0	0.00e0	1.00e0	0.00e0	0.00e0
173	JASPAR2024_CORE_vertebrates_non-redundant.meme	MA0062.4	GABPA	CACTTCCTGT	0.00e0	0.00e0	0.00e0	1	6900	6900	0	1.981e+08	1.00e0	0.00e0	0.00e0	1.00e0	0.00e0	0.00e0
174	JASPAR2024_CORE_vertebrates_non-redundant.meme	MA0475.3	FLI1	ACCGGAART	0.00e0	0.00e0	0.00e0	1	6900	6900	0	2.050e+08	1.00e0	0.00e0	0.00e0	1.00e0	0.00e0	0.00e0
175	JASPAR2024_CORE_vertebrates_non-redundant.meme	MA0156.4	FEV	ACCGGAAGT	0.00e0	0.00e0	0.00e0	1	6900	6900	0	2.128e+08	1.00e0	0.00e0	0.00e0	1.00e0	0.00e0	0.00e0
176	JASPAR2024_CORE_vertebrates_non-redundant.meme	MA0645.2	ETV6	SCGGAAGTR	0.00e0	0.00e0	0.00e0	1	6900	6900	0	2.051e+08	1.00e0	0.00e0	0.00e0	1.00e0	0.00e0	0.00e0
177	JASPAR2024_CORE_vertebrates_non-redundant.meme	MA1946.2	ETV5::FOXI1	GTAAACAGGAWG	0.00e0	0.00e0	0.00e0	1	6900	6900	0	1.958e+08	1.00e0	0.00e0	0.00e0	1.00e0	0.00e0	0.00e0
178	JASPAR2024_CORE_vertebrates_non-redundant.meme	MA1945.2	ETV5::FIGLA	RGCGGAARCAGGTG	0.00e0	0.00e0	0.00e0	1	6900	6900	0	2.196e+08	1.00e0	0.00e0	0.00e0	1.00e0	0.00e0	0.00e0
179	JASPAR2024_CORE_vertebrates_non-redundant.meme	MA0765.4	ETV5	ACCGGAAGT	0.00e0	0.00e0	0.00e0	1	6900	6900	0	2.201e+08	1.00e0	0.00e0	0.00e0	1.00e0	0.00e0	0.00e0
180	JASPAR2024_CORE_vertebrates_non-redundant.meme	MA0764.4	ETV4	ACCGGAAGT	0.00e0	0.00e0	0.00e0	1	6900	6900	0	2.219e+08	1.00e0	0.00e0	0.00e0	1.00e0	0.00e0	0.00e0
181	JASPAR2024_CORE_vertebrates_non-redundant.meme	MA0763.2	ETV3	ACCGGAAGT	0.00e0	0.00e0	0.00e0	1	6900	6900	0	2.007e+08	1.00e0	0.00e0	0.00e0	1.00e0	0.00e0	0.00e0
182	JASPAR2024_CORE_vertebrates_non-redundant.meme	MA1941.2	ETV2::FIGLA	SCGGAARCAGSTG	0.00e0	0.00e0	0.00e0	1	6900	6900	0	2.216e+08	1.00e0	0.00e0	0.00e0	1.00e0	0.00e0	0.00e0
183	JASPAR2024_CORE_vertebrates_non-redundant.meme	MA0762.2	ETV2	ACCGGAAAT	0.00e0	0.00e0	0.00e0	1	6900	6900	0	1.971e+08	1.00e0	0.00e0	0.00e0	1.00e0	0.00e0	0.00e0
184	JASPAR2024_CORE_vertebrates_non-redundant.meme	MA0761.3	ETV1	ACAGGAAGT	0.00e0	0.00e0	0.00e0	1	6900	6900	0	1.964e+08	1.00e0	0.00e0	0.00e0	1.00e0	0.00e0	0.00e0
185	JASPAR2024_CORE_vertebrates_non-redundant.meme	MA1484.2	ETS2	ACCGGAAGY	0.00e0	0.00e0	0.00e0	1	6900	6900	0	2.066e+08	1.00e0	0.00e0	0.00e0	1.00e0	0.00e0	0.00e0
186	JASPAR2024_CORE_vertebrates_non-redundant.meme	MA0098.4	ETS1	ACCGGAART	0.00e0	0.00e0	0.00e0	1	6900	6900	0	2.065e+08	1.00e0	0.00e0	0.00e0	1.00e0	0.00e0	0.00e0
187	JASPAR2024_CORE_vertebrates_non-redundant.meme	MA0112.4	ESR1	RGGTCACSRTGACCT	0.00e0	0.00e0	0.00e0	1	6900	6900	0	2.047e+08	1.00e0	0.00e0	0.00e0	1.00e0	0.00e0	0.00e0
188	JASPAR2024_CORE_vertebrates_non-redundant.meme	MA1939.2	ERF::SREBF2	SCGGAARTCACGTGAT	0.00e0	0.00e0	0.00e0	1	6900	6900	0	1.979e+08	1.00e0	0.00e0	0.00e0	1.00e0	0.00e0	0.00e0
189	JASPAR2024_CORE_vertebrates_non-redundant.meme	MA0048.3	NHLH1	CGCAGCTGC	0.00e0	0.00e0	0.00e0	1	6900	6900	0	2.041e+08	1.00e0	0.00e0	0.00e0	1.00e0	0.00e0	0.00e0
190	JASPAR2024_CORE_vertebrates_non-redundant.meme	MA1938.2	ERF::NHLH1	VGCAGCTGCCGGAARY	0.00e0	0.00e0	0.00e0	1	6900	6900	0	2.100e+08	1.00e0	0.00e0	0.00e0	1.00e0	0.00e0	0.00e0
191	JASPAR2024_CORE_vertebrates_non-redundant.meme	MA0058.4	MAX	CACGTG	0.00e0	0.00e0	0.00e0	1	6900	6900	0	1.985e+08	1.00e0	0.00e0	0.00e0	1.00e0	0.00e0	0.00e0
192	JASPAR2024_CORE_vertebrates_non-redundant.meme	MA0820.2	FIGLA	CACCTG	0.00e0	0.00e0	0.00e0	1	6900	6900	0	2.179e+08	1.00e0	0.00e0	0.00e0	1.00e0	0.00e0	0.00e0
193	JASPAR2024_CORE_vertebrates_non-redundant.meme	MA1934.2	ERF::FIGLA	CCGGAARCASCTG	0.00e0	0.00e0	0.00e0	1	6900	6900	0	2.143e+08	1.00e0	0.00e0	0.00e0	1.00e0	0.00e0	0.00e0
194	JASPAR2024_CORE_vertebrates_non-redundant.meme	MA0760.2	ERF	ACCGGAAGT	0.00e0	0.00e0	0.00e0	1	6900	6900	0	2.068e+08	1.00e0	0.00e0	0.00e0	1.00e0	0.00e0	0.00e0
195	JASPAR2024_CORE_vertebrates_non-redundant.meme	MA0076.3	ELK4	CRCTTCCGG	0.00e0	0.00e0	0.00e0	1	6900	6900	0	2.068e+08	1.00e0	0.00e0	0.00e0	1.00e0	0.00e0	0.00e0
196	JASPAR2024_CORE_vertebrates_non-redundant.meme	MA0759.3	ELK3	ACCGGAAGT	0.00e0	0.00e0	0.00e0	1	6900	6900	0	2.276e+08	1.00e0	0.00e0	0.00e0	1.00e0	0.00e0	0.00e0
197	JASPAR2024_CORE_vertebrates_non-redundant.meme	MA0828.3	SREBF2	ATCACGTGAT	0.00e0	0.00e0	0.00e0	1	6900	6900	0	1.985e+08	1.00e0	0.00e0	0.00e0	1.00e0	0.00e0	0.00e0
198	JASPAR2024_CORE_vertebrates_non-redundant.meme	MA1933.2	ELK1::SREBF2	CCGGAAGTSRCGTGA	0.00e0	0.00e0	0.00e0	1	6900	6900	0	2.160e+08	1.00e0	0.00e0	0.00e0	1.00e0	0.00e0	0.00e0
199	JASPAR2024_CORE_vertebrates_non-redundant.meme	MA0686.2	SPDEF	AMCCGGATGT	0.00e0	0.00e0	0.00e0	1	6900	6900	0	2.101e+08	1.00e0	0.00e0	0.00e0	1.00e0	0.00e0	0.00e0
200	JASPAR2024_CORE_vertebrates_non-redundant.meme	MA0781.2	PAX9	CGTCACGCWTGASTGM	0.00e0	0.00e0	0.00e0	1	6900	6900	0	2.044e+08	1.00e0	0.00e0	0.00e0	1.00e0	0.00e0	0.00e0
201	JASPAR2024_CORE_vertebrates_non-redundant.meme	MA0014.4	PAX5	GCGTGACC	0.00e0	0.00e0	0.00e0	1	6900	6900	0	2.273e+08	1.00e0	0.00e0	0.00e0	1.00e0	0.00e0	0.00e0
202	JASPAR2024_CORE_vertebrates_non-redundant.meme	MA0779.2	PAX1	CGTCACGCWTGAVTGM	0.00e0	0.00e0	0.00e0	1	6900	6900	0	2.022e+08	1.00e0	0.00e0	0.00e0	1.00e0	0.00e0	0.00e0
203	JASPAR2024_CORE_vertebrates_non-redundant.meme	MA1932.2	ELK1::HOXB13	ACCGGAAGTHGTAAA	0.00e0	0.00e0	0.00e0	1	6900	6900	0	1.994e+08	1.00e0	0.00e0	0.00e0	1.00e0	0.00e0	0.00e0
204	JASPAR2024_CORE_vertebrates_non-redundant.meme	MA1708.2	ETV7	SCGGAAGTR	0.00e0	0.00e0	0.00e0	1	6900	6900	0	2.013e+08	1.00e0	0.00e0	0.00e0	1.00e0	0.00e0	0.00e0
205	JASPAR2024_CORE_vertebrates_non-redundant.meme	MA0028.3	ELK1	ACCGGAAGT	0.00e0	0.00e0	0.00e0	1	6900	6900	0	2.175e+08	1.00e0	0.00e0	0.00e0	1.00e0	0.00e0	0.00e0
206	JASPAR2024_CORE_vertebrates_non-redundant.meme	MA0640.3	ELF3	CACTTCCTG	0.00e0	0.00e0	0.00e0	1	6900	6900	0	1.963e+08	1.00e0	0.00e0	0.00e0	1.00e0	0.00e0	0.00e0
207	JASPAR2024_CORE_vertebrates_non-redundant.meme	MA1483.3	ELF2	AMCCGGAAGT	0.00e0	0.00e0	0.00e0	1	6900	6900	0	2.054e+08	1.00e0	0.00e0	0.00e0	1.00e0	0.00e0	0.00e0
208	JASPAR2024_CORE_vertebrates_non-redundant.meme	MA0473.4	ELF1	CAGGAAGTG	0.00e0	0.00e0	0.00e0	1	6900	6900	0	2.001e+08	1.00e0	0.00e0	0.00e0	1.00e0	0.00e0	0.00e0
209	JASPAR2024_CORE_vertebrates_non-redundant.meme	MA0598.4	EHF	CACTTCCTG	0.00e0	0.00e0	0.00e0	1	6900	6900	0	1.960e+08	1.00e0	0.00e0	0.00e0	1.00e0	0.00e0	0.00e0
210	JASPAR2024_CORE_vertebrates_non-redundant.meme	MA0733.2	EGR4	MCGCCCACGCA	0.00e0	0.00e0	0.00e0	1	6900	6900	0	2.339e+08	1.00e0	0.00e0	0.00e0	1.00e0	0.00e0	0.00e0
211	JASPAR2024_CORE_vertebrates_non-redundant.meme	MA0732.2	EGR3	MCGCCCACGCA	0.00e0	0.00e0	0.00e0	1	6900	6900	0	2.305e+08	1.00e0	0.00e0	0.00e0	1.00e0	0.00e0	0.00e0
212	JASPAR2024_CORE_vertebrates_non-redundant.meme	MA0162.5	EGR1	MCGCCCACGC	0.00e0	0.00e0	0.00e0	1	6900	6900	0	2.347e+08	1.00e0	0.00e0	0.00e0	1.00e0	0.00e0	0.00e0
213	JASPAR2024_CORE_vertebrates_non-redundant.meme	MA1637.2	EBF3	CCCAAGGGA	0.00e0	0.00e0	0.00e0	1	6900	6900	0	2.211e+08	1.00e0	0.00e0	0.00e0	1.00e0	0.00e0	0.00e0
214	JASPAR2024_CORE_vertebrates_non-redundant.meme	MA0154.5	EBF1	TCCCCAGGGGA	0.00e0	0.00e0	0.00e0	1	6900	6900	0	2.188e+08	1.00e0	0.00e0	0.00e0	1.00e0	0.00e0	0.00e0
215	JASPAR2024_CORE_vertebrates_non-redundant.meme	MA0865.3	E2F8	TTCCCGCCA	0.00e0	0.00e0	0.00e0	1	6900	6900	0	2.359e+08	1.00e0	0.00e0	0.00e0	1.00e0	0.00e0	0.00e0
216	JASPAR2024_CORE_vertebrates_non-redundant.meme	MA0471.3	E2F6	GGCGGGAA	0.00e0	0.00e0	0.00e0	1	6900	6900	0	2.312e+08	1.00e0	0.00e0	0.00e0	1.00e0	0.00e0	0.00e0
217	JASPAR2024_CORE_vertebrates_non-redundant.meme	MA0470.3	E2F4	TTTTGGCGCCAWW	0.00e0	0.00e0	0.00e0	1	6900	6900	0	2.254e+08	1.00e0	0.00e0	0.00e0	1.00e0	0.00e0	0.00e0
218	JASPAR2024_CORE_vertebrates_non-redundant.meme	MA0864.3	E2F2	WTTTGGCGCCAWW	0.00e0	0.00e0	0.00e0	1	6900	6900	0	2.268e+08	1.00e0	0.00e0	0.00e0	1.00e0	0.00e0	0.00e0
219	JASPAR2024_CORE_vertebrates_non-redundant.meme	MA1102.3	CTCFL	CAGGGGGC	0.00e0	0.00e0	0.00e0	1	6900	6900	0	2.350e+08	1.00e0	0.00e0	0.00e0	1.00e0	0.00e0	0.00e0
220	JASPAR2024_CORE_vertebrates_non-redundant.meme	MA1930.2	CTCF	CTGCAGTKCCNVCHNNYRGCCASYAGRKGGCRS	0.00e0	0.00e0	0.00e0	1	6900	6900	0	2.340e+08	1.00e0	0.00e0	0.00e0	1.00e0	0.00e0	0.00e0
221	JASPAR2024_CORE_vertebrates_non-redundant.meme	MA1929.2	CTCF	CTGCAGTKCCNNNNNYNRCCASYAGRKGGCR	0.00e0	0.00e0	0.00e0	1	6900	6900	0	2.347e+08	1.00e0	0.00e0	0.00e0	1.00e0	0.00e0	0.00e0
222	JASPAR2024_CORE_vertebrates_non-redundant.meme	MA0139.2	CTCF	RCCASYAGRKGGCRS	0.00e0	0.00e0	0.00e0	1	6900	6900	0	2.322e+08	1.00e0	0.00e0	0.00e0	1.00e0	0.00e0	0.00e0
223	JASPAR2024_CORE_vertebrates_non-redundant.meme	MA1475.2	CREB3L4	RTGACGTCA	0.00e0	0.00e0	0.00e0	1	6900	6900	0	2.002e+08	1.00e0	0.00e0	0.00e0	1.00e0	0.00e0	0.00e0
224	JASPAR2024_CORE_vertebrates_non-redundant.meme	MA1474.2	CREB3L4	GCCACGTCAY	0.00e0	0.00e0	0.00e0	1	6900	6900	0	2.177e+08	1.00e0	0.00e0	0.00e0	1.00e0	0.00e0	0.00e0
225	JASPAR2024_CORE_vertebrates_non-redundant.meme	MA0839.2	CREB3L1	TGCCACGTCAYCA	0.00e0	0.00e0	0.00e0	1	6900	6900	0	2.060e+08	1.00e0	0.00e0	0.00e0	1.00e0	0.00e0	0.00e0
226	JASPAR2024_CORE_vertebrates_non-redundant.meme	MA0638.2	CREB3	TGCCACGTCAYC	0.00e0	0.00e0	0.00e0	1	6900	6900	0	1.962e+08	1.00e0	0.00e0	0.00e0	1.00e0	0.00e0	0.00e0
227	JASPAR2024_CORE_vertebrates_non-redundant.meme	MA0464.3	BHLHE40	KCACGTGM	0.00e0	0.00e0	0.00e0	1	6900	6900	0	2.087e+08	1.00e0	0.00e0	0.00e0	1.00e0	0.00e0	0.00e0
228	JASPAR2024_CORE_vertebrates_non-redundant.meme	MA1635.2	BHLHE22	CAGCTG	0.00e0	0.00e0	0.00e0	1	6900	6900	0	2.113e+08	1.00e0	0.00e0	0.00e0	1.00e0	0.00e0	0.00e0
229	JASPAR2024_CORE_vertebrates_non-redundant.meme	MA1466.2	ATF6	TGRTGACGTGGCA	0.00e0	0.00e0	0.00e0	1	6900	6900	0	1.964e+08	1.00e0	0.00e0	0.00e0	1.00e0	0.00e0	0.00e0
230	JASPAR2024_CORE_vertebrates_non-redundant.meme	MA1631.2	ASCL1	GCACCTGCY	0.00e0	0.00e0	0.00e0	1	6900	6900	0	2.240e+08	1.00e0	0.00e0	0.00e0	1.00e0	0.00e0	0.00e0
231	JASPAR2024_CORE_vertebrates_non-redundant.meme	MA1100.3	ASCL1	GCAGCTGC	0.00e0	0.00e0	0.00e0	1	6900	6900	0	2.087e+08	1.00e0	0.00e0	0.00e0	1.00e0	0.00e0	0.00e0
232	JASPAR2024_CORE_vertebrates_non-redundant.meme	MA1464.2	ARNT2	GTCACGTG	0.00e0	0.00e0	0.00e0	1	6900	6900	0	2.091e+08	1.00e0	0.00e0	0.00e0	1.00e0	0.00e0	0.00e0
233	JASPAR2024_CORE_vertebrates_non-redundant.meme	MA2341.1	FEZF2	CCCAGCCT	0.00e0	0.00e0	0.00e0	1	6900	6900	0	2.195e+08	1.00e0	0.00e0	0.00e0	1.00e0	0.00e0	0.00e0
234	JASPAR2024_CORE_vertebrates_non-redundant.meme	MA2330.1	ZBTB24	CCCAGGACCC	0.00e0	0.00e0	0.00e0	1	6900	6900	0	2.308e+08	1.00e0	0.00e0	0.00e0	1.00e0	0.00e0	0.00e0
235	JASPAR2024_CORE_vertebrates_non-redundant.meme	MA2329.1	ZBTB11	CACTTCCGG	0.00e0	0.00e0	0.00e0	1	6900	6900	0	2.204e+08	1.00e0	0.00e0	0.00e0	1.00e0	0.00e0	0.00e0
236	JASPAR2024_CORE_vertebrates_non-redundant.meme	MA2328.1	ZBED4	CCCGCYCCGC	0.00e0	0.00e0	0.00e0	1	6900	6900	0	2.453e+08	1.00e0	0.00e0	0.00e0	1.00e0	0.00e0	0.00e0
237	JASPAR2024_CORE_vertebrates_non-redundant.meme	MA2326.1	IKZF2	AGGAAG	0.00e0	0.00e0	0.00e0	1	6900	6900	0	2.020e+08	1.00e0	0.00e0	0.00e0	1.00e0	0.00e0	0.00e0
238	JASPAR2024_CORE_vertebrates_non-redundant.meme	MA2325.1	EPAS1	CGCACGTAS	0.00e0	0.00e0	0.00e0	1	6900	6900	0	2.261e+08	1.00e0	0.00e0	0.00e0	1.00e0	0.00e0	0.00e0
239	JASPAR2024_CORE_vertebrates_non-redundant.meme	MA2324.1	BCL11A	CTGACCA	0.00e0	0.00e0	0.00e0	1	6900	6900	0	1.966e+08	1.00e0	0.00e0	0.00e0	1.00e0	0.00e0	0.00e0
240	JASPAR2024_CORE_vertebrates_non-redundant.meme	MA2121.1	ZNF213	GCCCAGGCDGSR	0.00e0	0.00e0	0.00e0	1	6900	6900	0	2.320e+08	1.00e0	0.00e0	0.00e0	1.00e0	0.00e0	0.00e0
241	JASPAR2024_CORE_vertebrates_non-redundant.meme	MA2099.1	ZNF770	CGGCCTCA	0.00e0	0.00e0	0.00e0	1	6900	6900	0	2.213e+08	1.00e0	0.00e0	0.00e0	1.00e0	0.00e0	0.00e0
242	JASPAR2024_CORE_vertebrates_non-redundant.meme	MA2096.1	ZNF524	CTCGRACCC	0.00e0	0.00e0	0.00e0	1	6900	6900	0	2.216e+08	1.00e0	0.00e0	0.00e0	1.00e0	0.00e0	0.00e0
243	JASPAR2024_CORE_vertebrates_non-redundant.meme	MA2094.1	PAX8	CGTCACGCWTSANYGM	0.00e0	0.00e0	0.00e0	1	6900	6900	0	2.094e+08	1.00e0	0.00e0	0.00e0	1.00e0	0.00e0	0.00e0
244	JASPAR2024_CORE_vertebrates_non-redundant.meme	MA0259.2	ARNT::HIF1A	ACGTG	0.00e0	0.00e0	0.00e0	1	6900	6900	0	2.179e+08	1.00e0	0.00e0	0.00e0	1.00e0	0.00e0	0.00e0
245	JASPAR2024_CORE_vertebrates_non-redundant.meme	MA1573.2	Thap11	ACTACAABTCCCAG	0.00e0	0.00e0	0.00e0	1	6900	6900	0	1.987e+08	1.00e0	0.00e0	0.00e0	1.00e0	0.00e0	0.00e0
246	JASPAR2024_CORE_vertebrates_non-redundant.meme	MA1511.2	KLF10	GGGGCGGGG	0.00e0	0.00e0	0.00e0	1	6900	6900	0	2.300e+08	1.00e0	0.00e0	0.00e0	1.00e0	0.00e0	0.00e0
247	JASPAR2024_CORE_vertebrates_non-redundant.meme	MA0821.2	HES5	GRCACGTGYC	0.00e0	0.00e0	0.00e0	1	6900	6900	0	2.257e+08	1.00e0	0.00e0	0.00e0	1.00e0	0.00e0	0.00e0
248	JASPAR2024_CORE_vertebrates_non-redundant.meme	MA0742.2	KLF12	GGGGCGGGG	0.00e0	0.00e0	0.00e0	1	6900	6900	0	2.335e+08	1.00e0	0.00e0	0.00e0	1.00e0	0.00e0	0.00e0
249	JASPAR2024_CORE_vertebrates_non-redundant.meme	MA0740.2	KLF14	KGGGCGGGG	0.00e0	0.00e0	0.00e0	1	6900	6900	0	2.295e+08	1.00e0	0.00e0	0.00e0	1.00e0	0.00e0	0.00e0
250	JASPAR2024_CORE_vertebrates_non-redundant.meme	MA0685.2	SP4	GGGGCGGGG	0.00e0	0.00e0	0.00e0	1	6900	6900	0	2.309e+08	1.00e0	0.00e0	0.00e0	1.00e0	0.00e0	0.00e0
251	JASPAR2024_CORE_vertebrates_non-redundant.meme	MA0516.3	SP2	GGGGCGGGG	0.00e0	0.00e0	0.00e0	1	6900	6900	0	2.341e+08	1.00e0	0.00e0	0.00e0	1.00e0	0.00e0	0.00e0
252	JASPAR2024_CORE_vertebrates_non-redundant.meme	MA0079.5	SP1	GGGGCGGGG	0.00e0	0.00e0	0.00e0	1	6900	6900	0	2.320e+08	1.00e0	0.00e0	0.00e0	1.00e0	0.00e0	0.00e0
253	JASPAR2024_CORE_vertebrates_non-redundant.meme	MA1985.1	ZNF669	GGGGYGAYGACCRCT	0.00e0	0.00e0	0.00e0	1	6900	6900	0	2.231e+08	1.00e0	0.00e0	0.00e0	1.00e0	0.00e0	0.00e0
254	JASPAR2024_CORE_vertebrates_non-redundant.meme	MA1972.1	ZFP14	GGAGGCHCHGGARBG	0.00e0	0.00e0	0.00e0	1	6900	6900	0	2.136e+08	1.00e0	0.00e0	0.00e0	1.00e0	0.00e0	0.00e0
255	JASPAR2024_CORE_vertebrates_non-redundant.meme	MA1957.1	HOXB2::ELK1	RCCGGAAGTMRTTA	0.00e0	0.00e0	0.00e0	1	6900	6900	0	1.963e+08	1.00e0	0.00e0	0.00e0	1.00e0	0.00e0	0.00e0
256	JASPAR2024_CORE_vertebrates_non-redundant.meme	MA1931.1	ELK1::HOXA1	ACCGGAAGTAATTA	0.00e0	0.00e0	0.00e0	1	6900	6900	0	2.030e+08	1.00e0	0.00e0	0.00e0	1.00e0	0.00e0	0.00e0
257	JASPAR2024_CORE_vertebrates_non-redundant.meme	MA1684.1	Foxn1	RGAMGC	0.00e0	0.00e0	0.00e0	1	6900	6900	0	2.135e+08	1.00e0	0.00e0	0.00e0	1.00e0	0.00e0	0.00e0
258	JASPAR2024_CORE_vertebrates_non-redundant.meme	MA1715.1	ZNF707	CCCCACTCCTGGTAC	0.00e0	0.00e0	0.00e0	1	6900	6900	0	2.091e+08	1.00e0	0.00e0	0.00e0	1.00e0	0.00e0	0.00e0
259	JASPAR2024_CORE_vertebrates_non-redundant.meme	MA1597.1	ZNF528	CCCAGGGAAGCCATTTC	0.00e0	0.00e0	0.00e0	1	6900	6900	0	1.958e+08	1.00e0	0.00e0	0.00e0	1.00e0	0.00e0	0.00e0
260	JASPAR2024_CORE_vertebrates_non-redundant.meme	MA1596.1	ZNF460	GCCTCMGCCTCCCRAG	0.00e0	0.00e0	0.00e0	1	6900	6900	0	2.324e+08	1.00e0	0.00e0	0.00e0	1.00e0	0.00e0	0.00e0
261	JASPAR2024_CORE_vertebrates_non-redundant.meme	MA1587.1	ZNF135	CCTCGACCTCCYRR	0.00e0	0.00e0	0.00e0	1	6900	6900	0	2.162e+08	1.00e0	0.00e0	0.00e0	1.00e0	0.00e0	0.00e0
262	JASPAR2024_CORE_vertebrates_non-redundant.meme	MA1557.1	SMAD5	YGTCTAGACA	0.00e0	0.00e0	0.00e0	1	6900	6900	0	2.022e+08	1.00e0	0.00e0	0.00e0	1.00e0	0.00e0	0.00e0
263	JASPAR2024_CORE_vertebrates_non-redundant.meme	MA1556.1	RXRG	RRGGTCAYGACCYY	0.00e0	0.00e0	0.00e0	1	6900	6900	0	2.038e+08	1.00e0	0.00e0	0.00e0	1.00e0	0.00e0	0.00e0
264	JASPAR2024_CORE_vertebrates_non-redundant.meme	MA1555.1	RXRB	RRGGTCATGACCYY	0.00e0	0.00e0	0.00e0	1	6900	6900	0	1.997e+08	1.00e0	0.00e0	0.00e0	1.00e0	0.00e0	0.00e0
265	JASPAR2024_CORE_vertebrates_non-redundant.meme	MA1539.1	NR2F6	RAGGTCANTGACCTY	0.00e0	0.00e0	0.00e0	1	6900	6900	0	2.019e+08	1.00e0	0.00e0	0.00e0	1.00e0	0.00e0	0.00e0
266	JASPAR2024_CORE_vertebrates_non-redundant.meme	MA1538.1	NR2F1	RAGGTCANTGACCTY	0.00e0	0.00e0	0.00e0	1	6900	6900	0	2.005e+08	1.00e0	0.00e0	0.00e0	1.00e0	0.00e0	0.00e0
267	JASPAR2024_CORE_vertebrates_non-redundant.meme	MA1493.1	HES6	GGCACGTGTY	0.00e0	0.00e0	0.00e0	1	6900	6900	0	2.074e+08	1.00e0	0.00e0	0.00e0	1.00e0	0.00e0	0.00e0
268	JASPAR2024_CORE_vertebrates_non-redundant.meme	MA1485.1	FERD3L	GCRMCAGCTGTYAC	0.00e0	0.00e0	0.00e0	1	6900	6900	0	2.113e+08	1.00e0	0.00e0	0.00e0	1.00e0	0.00e0	0.00e0
269	JASPAR2024_CORE_vertebrates_non-redundant.meme	MA0872.1	TFAP2A	TGCCCYSRGGGCA	0.00e0	0.00e0	0.00e0	1	6900	6900	0	2.290e+08	1.00e0	0.00e0	0.00e0	1.00e0	0.00e0	0.00e0
270	JASPAR2024_CORE_vertebrates_non-redundant.meme	MA0024.3	E2F1	TTTGGCGCCAAA	0.00e0	0.00e0	0.00e0	1	6900	6900	0	2.320e+08	1.00e0	0.00e0	0.00e0	1.00e0	0.00e0	0.00e0
271	JASPAR2024_CORE_vertebrates_non-redundant.meme	MA0863.1	MTF1	TTTGCACACGGCAC	0.00e0	0.00e0	0.00e0	1	6900	6900	0	2.049e+08	1.00e0	0.00e0	0.00e0	1.00e0	0.00e0	0.00e0
272	JASPAR2024_CORE_vertebrates_non-redundant.meme	MA0862.1	GMEB2	TTACGTAA	0.00e0	0.00e0	0.00e0	1	6900	6900	0	2.013e+08	1.00e0	0.00e0	0.00e0	1.00e0	0.00e0	0.00e0
273	JASPAR2024_CORE_vertebrates_non-redundant.meme	MA0860.1	Rarg	AAGGTCAMSARAGGTCA	0.00e0	0.00e0	0.00e0	1	6900	6900	0	1.957e+08	1.00e0	0.00e0	0.00e0	1.00e0	0.00e0	0.00e0
274	JASPAR2024_CORE_vertebrates_non-redundant.meme	MA0823.1	HEY1	GRCACGTGCC	0.00e0	0.00e0	0.00e0	1	6900	6900	0	2.333e+08	1.00e0	0.00e0	0.00e0	1.00e0	0.00e0	0.00e0
275	JASPAR2024_CORE_vertebrates_non-redundant.meme	MA0822.1	HES7	YGGCACGTGCCR	0.00e0	0.00e0	0.00e0	1	6900	6900	0	2.164e+08	1.00e0	0.00e0	0.00e0	1.00e0	0.00e0	0.00e0
276	JASPAR2024_CORE_vertebrates_non-redundant.meme	MA0816.1	Ascl2	ARCAGCTGCY	0.00e0	0.00e0	0.00e0	1	6900	6900	0	1.994e+08	1.00e0	0.00e0	0.00e0	1.00e0	0.00e0	0.00e0
277	JASPAR2024_CORE_vertebrates_non-redundant.meme	MA0815.1	TFAP2C	TGCCCYSRGGGCA	0.00e0	0.00e0	0.00e0	1	6900	6900	0	2.291e+08	1.00e0	0.00e0	0.00e0	1.00e0	0.00e0	0.00e0
278	JASPAR2024_CORE_vertebrates_non-redundant.meme	MA0813.1	TFAP2B	TGCCCYBRGGGCA	0.00e0	0.00e0	0.00e0	1	6900	6900	0	2.278e+08	1.00e0	0.00e0	0.00e0	1.00e0	0.00e0	0.00e0
279	JASPAR2024_CORE_vertebrates_non-redundant.meme	MA0807.1	TBX5	AGGTGTKA	0.00e0	0.00e0	0.00e0	1	6900	6900	0	2.108e+08	1.00e0	0.00e0	0.00e0	1.00e0	0.00e0	0.00e0
280	JASPAR2024_CORE_vertebrates_non-redundant.meme	MA0806.1	TBX4	AGGTGTGA	0.00e0	0.00e0	0.00e0	1	6900	6900	0	2.018e+08	1.00e0	0.00e0	0.00e0	1.00e0	0.00e0	0.00e0
281	JASPAR2024_CORE_vertebrates_non-redundant.meme	MA0803.1	TBX15	AGGTGTGA	0.00e0	0.00e0	0.00e0	1	6900	6900	0	2.038e+08	1.00e0	0.00e0	0.00e0	1.00e0	0.00e0	0.00e0
282	JASPAR2024_CORE_vertebrates_non-redundant.meme	MA0801.1	MGA	AGGTGTGA	0.00e0	0.00e0	0.00e0	1	6900	6900	0	1.996e+08	1.00e0	0.00e0	0.00e0	1.00e0	0.00e0	0.00e0
283	JASPAR2024_CORE_vertebrates_non-redundant.meme	MA0511.2	RUNX2	WAACCGCAA	0.00e0	0.00e0	0.00e0	1	6900	6900	0	1.965e+08	1.00e0	0.00e0	0.00e0	1.00e0	0.00e0	0.00e0
284	JASPAR2024_CORE_vertebrates_non-redundant.meme	MA0105.4	NFKB1	AGGGGAWTCCCCT	0.00e0	0.00e0	0.00e0	1	6900	6900	0	2.085e+08	1.00e0	0.00e0	0.00e0	1.00e0	0.00e0	0.00e0
285	JASPAR2024_CORE_vertebrates_non-redundant.meme	MA0741.1	KLF16	GMCACGCCCCC	0.00e0	0.00e0	0.00e0	1	6900	6900	0	2.290e+08	1.00e0	0.00e0	0.00e0	1.00e0	0.00e0	0.00e0
286	JASPAR2024_CORE_vertebrates_non-redundant.meme	MA0737.1	GLIS3	GACCCCCCACGAAG	0.00e0	0.00e0	0.00e0	1	6900	6900	0	2.171e+08	1.00e0	0.00e0	0.00e0	1.00e0	0.00e0	0.00e0
287	JASPAR2024_CORE_vertebrates_non-redundant.meme	MA0736.1	GLIS2	GACCCCCCGCRAMG	0.00e0	0.00e0	0.00e0	1	6900	6900	0	2.267e+08	1.00e0	0.00e0	0.00e0	1.00e0	0.00e0	0.00e0
288	JASPAR2024_CORE_vertebrates_non-redundant.meme	MA0472.2	EGR2	MCGCCCACGCA	0.00e0	0.00e0	0.00e0	1	6900	6900	0	2.270e+08	1.00e0	0.00e0	0.00e0	1.00e0	0.00e0	0.00e0
289	JASPAR2024_CORE_vertebrates_non-redundant.meme	MA0730.1	RARA	AGGTCAHSYAAAGGTCA	0.00e0	0.00e0	0.00e0	1	6900	6900	0	2.035e+08	1.00e0	0.00e0	0.00e0	1.00e0	0.00e0	0.00e0
290	JASPAR2024_CORE_vertebrates_non-redundant.meme	MA0696.1	ZIC1	GACCCCCYGCTGTG	0.00e0	0.00e0	0.00e0	1	6900	6900	0	2.284e+08	1.00e0	0.00e0	0.00e0	1.00e0	0.00e0	0.00e0
291	JASPAR2024_CORE_vertebrates_non-redundant.meme	MA0665.1	MSC	AACAGCTGTT	0.00e0	0.00e0	0.00e0	1	6900	6900	0	1.971e+08	1.00e0	0.00e0	0.00e0	1.00e0	0.00e0	0.00e0
292	JASPAR2024_CORE_vertebrates_non-redundant.meme	MA0663.1	MLX	RTCACGTGAT	0.00e0	0.00e0	0.00e0	1	6900	6900	0	2.031e+08	1.00e0	0.00e0	0.00e0	1.00e0	0.00e0	0.00e0
293	JASPAR2024_CORE_vertebrates_non-redundant.meme	MA0641.1	ELF4	AACCCGGAAGTR	0.00e0	0.00e0	0.00e0	1	6900	6900	0	2.122e+08	1.00e0	0.00e0	0.00e0	1.00e0	0.00e0	0.00e0
294	JASPAR2024_CORE_vertebrates_non-redundant.meme	MA0636.1	BHLHE41	RTCACGTGAC	0.00e0	0.00e0	0.00e0	1	6900	6900	0	2.086e+08	1.00e0	0.00e0	0.00e0	1.00e0	0.00e0	0.00e0
295	JASPAR2024_CORE_vertebrates_non-redundant.meme	MA0608.1	Creb3l2	GCCACGTGD	0.00e0	0.00e0	0.00e0	1	6900	6900	0	2.081e+08	1.00e0	0.00e0	0.00e0	1.00e0	0.00e0	0.00e0
296	JASPAR2024_CORE_vertebrates_non-redundant.meme	MA0604.1	Atf1	RTGACGTA	0.00e0	0.00e0	0.00e0	1	6900	6900	0	1.981e+08	1.00e0	0.00e0	0.00e0	1.00e0	0.00e0	0.00e0
297	JASPAR2024_CORE_vertebrates_non-redundant.meme	MA0599.1	KLF5	GCCCCDCCCH	0.00e0	0.00e0	0.00e0	1	6900	6900	0	2.253e+08	1.00e0	0.00e0	0.00e0	1.00e0	0.00e0	0.00e0
298	JASPAR2024_CORE_vertebrates_non-redundant.meme	MA0595.1	SREBF1	VTCACCCCAY	0.00e0	0.00e0	0.00e0	1	6900	6900	0	1.968e+08	1.00e0	0.00e0	0.00e0	1.00e0	0.00e0	0.00e0
299	JASPAR2024_CORE_vertebrates_non-redundant.meme	MA0258.2	ESR2	AGGTCASVNTGMCCY	0.00e0	0.00e0	0.00e0	1	6900	6900	0	2.055e+08	1.00e0	0.00e0	0.00e0	1.00e0	0.00e0	0.00e0
300	JASPAR2024_CORE_vertebrates_non-redundant.meme	MA0145.2	Tfcp2l1	CCAGYYYVADCCRG	0.00e0	0.00e0	0.00e0	1	6900	6900	0	2.223e+08	1.00e0	0.00e0	0.00e0	1.00e0	0.00e0	0.00e0
301	JASPAR2024_CORE_vertebrates_non-redundant.meme	MA0163.1	PLAG1	GGGGCCCWAGGGGG	0.00e0	0.00e0	0.00e0	1	6900	6900	0	2.239e+08	1.00e0	0.00e0	0.00e0	1.00e0	0.00e0	0.00e0
302	JASPAR2024_CORE_vertebrates_non-redundant.meme	MA0159.1	RARA::RXRA	RGKTCANVGRSAGGTCA	0.00e0	0.00e0	0.00e0	1	6900	6900	0	2.054e+08	1.00e0	0.00e0	0.00e0	1.00e0	0.00e0	0.00e0
303	JASPAR2024_CORE_vertebrates_non-redundant.meme	MA0155.1	INSM1	TGYCWGGGGGCR	0.00e0	0.00e0	0.00e0	1	6900	6900	0	2.134e+08	1.00e0	0.00e0	0.00e0	1.00e0	0.00e0	0.00e0
304	JASPAR2024_CORE_vertebrates_non-redundant.meme	MA0149.1	EWSR1-FLI1	GGAAGGAAGGAAGGAAGG	0.00e0	0.00e0	0.00e0	1	6900	6900	0	2.030e+08	1.00e0	0.00e0	0.00e0	1.00e0	0.00e0	0.00e0
305	JASPAR2024_CORE_vertebrates_non-redundant.meme	MA0130.1	ZNF354C	MTCCAC	0.00e0	0.00e0	0.00e0	1	6900	6900	0	2.034e+08	1.00e0	0.00e0	0.00e0	1.00e0	0.00e0	0.00e0
306	JASPAR2024_CORE_vertebrates_non-redundant.meme	MA0119.1	NFIC::TLX1	TGGCASSRWGCCAA	0.00e0	0.00e0	0.00e0	1	6900	6900	0	2.018e+08	1.00e0	0.00e0	0.00e0	1.00e0	0.00e0	0.00e0
307	JASPAR2024_CORE_vertebrates_non-redundant.meme	MA0116.1	Znf423	GSMMCCYARGGKKBM	0.00e0	0.00e0	0.00e0	1	6900	6900	0	2.175e+08	1.00e0	0.00e0	0.00e0	1.00e0	0.00e0	0.00e0
308	JASPAR2024_CORE_vertebrates_non-redundant.meme	MA0004.1	Arnt	CACGTG	0.00e0	0.00e0	0.00e0	1	6900	6900	0	2.124e+08	1.00e0	0.00e0	0.00e0	1.00e0	0.00e0	0.00e0
309	JASPAR2024_CORE_vertebrates_non-redundant.meme	MA0723.3	VAX2	YAATTA	5.50e-298	5.50e-298	4.84e-295	1	6900	6900	0	1.340e+08	1.00e0	5.50e-298	1.10e-297	1.00e0	5.50e-298	1.10e-297
310	JASPAR2024_CORE_vertebrates_non-redundant.meme	MA0892.2	GSX1	YMATTA	1.20e-291	1.20e-291	1.06e-288	1	6900	6900	0	1.346e+08	1.00e0	1.20e-291	2.40e-291	1.00e0	1.20e-291	2.40e-291
311	JASPAR2024_CORE_vertebrates_non-redundant.meme	MA1498.3	HOXA7	YMATTA	4.89e-279	4.89e-279	4.30e-276	1	6900	6900	0	1.357e+08	1.00e0	4.89e-279	9.78e-279	1.00e0	4.89e-279	9.78e-279
312	JASPAR2024_CORE_vertebrates_non-redundant.meme	MA0880.2	Dlx3	YAATTA	2.15e-265	2.15e-265	1.89e-262	1	6900	6900	0	1.369e+08	1.00e0	2.15e-265	4.30e-265	1.00e0	2.15e-265	4.30e-265
313	JASPAR2024_CORE_vertebrates_non-redundant.meme	MA2333.1	ZNF35	AATTCTA	2.19e-264	2.19e-264	1.93e-261	1	6900	6900	0	1.370e+08	1.00e0	2.19e-264	4.39e-264	1.00e0	2.19e-264	4.39e-264
314	JASPAR2024_CORE_vertebrates_non-redundant.meme	MA0790.2	POU4F1	TGMATAATTAAT	5.16e-263	5.16e-263	4.54e-260	1	6900	6900	0	1.371e+08	1.00e0	5.16e-263	1.03e-262	1.00e0	5.16e-263	1.03e-262
315	JASPAR2024_CORE_vertebrates_non-redundant.meme	MA0791.2	POU4F3	TGMATWATTAAT	3.32e-259	3.32e-259	2.92e-256	1	6900	6900	0	1.375e+08	1.00e0	3.32e-259	6.64e-259	1.00e0	3.32e-259	6.64e-259
316	JASPAR2024_CORE_vertebrates_non-redundant.meme	MA0675.2	NKX6-2	YMATTA	7.51e-259	7.51e-259	6.60e-256	1	6900	6900	0	1.375e+08	1.00e0	7.51e-259	1.50e-258	1.00e0	7.51e-259	1.50e-258
317	JASPAR2024_CORE_vertebrates_non-redundant.meme	MA0722.2	VAX1	YTAATTA	1.80e-257	1.80e-257	1.58e-254	1	6900	6900	0	1.376e+08	1.00e0	1.80e-257	3.59e-257	1.00e0	1.80e-257	3.59e-257
318	JASPAR2024_CORE_vertebrates_non-redundant.meme	MA0717.2	RAX2	YAATTA	2.74e-249	2.74e-249	2.41e-246	1	6900	6900	0	1.384e+08	1.00e0	2.74e-249	5.49e-249	1.00e0	2.74e-249	5.49e-249
319	JASPAR2024_CORE_vertebrates_non-redundant.meme	MA0881.2	Dlx4	YAATTA	4.36e-249	4.36e-249	3.83e-246	1	6900	6900	0	1.384e+08	1.00e0	4.36e-249	8.71e-249	1.00e0	4.36e-249	8.71e-249
320	JASPAR2024_CORE_vertebrates_non-redundant.meme	MA0602.2	Arid5a	YAATATTG	1.98e-247	1.98e-247	1.74e-244	1	6900	6900	0	1.385e+08	1.00e0	1.98e-247	3.95e-247	1.00e0	1.98e-247	3.95e-247
321	JASPAR2024_CORE_vertebrates_non-redundant.meme	MA0630.2	SHOX	TAATTR	4.50e-247	4.50e-247	3.96e-244	1	6900	6900	0	1.386e+08	1.00e0	4.50e-247	9.01e-247	1.00e0	4.50e-247	9.01e-247
322	JASPAR2024_CORE_vertebrates_non-redundant.meme	MA0721.2	UNCX	YAATTA	6.93e-247	6.93e-247	6.09e-244	1	6900	6900	0	1.386e+08	1.00e0	6.93e-247	1.39e-246	1.00e0	6.93e-247	1.39e-246
323	JASPAR2024_CORE_vertebrates_non-redundant.meme	MA0634.2	ALX3	YAATTA	2.95e-243	2.95e-243	2.60e-240	1	6900	6900	0	1.389e+08	1.00e0	2.95e-243	5.91e-243	1.00e0	2.95e-243	5.91e-243
324	JASPAR2024_CORE_vertebrates_non-redundant.meme	MA1978.2	ZNF354A	WAADWATAAATGRAYWAWTT	4.00e-241	4.00e-241	3.51e-238	1	6900	6900	0	1.391e+08	1.00e0	4.00e-241	7.99e-241	1.00e0	4.00e-241	7.99e-241
325	JASPAR2024_CORE_vertebrates_non-redundant.meme	MA0699.2	LBX2	YAATTA	4.96e-240	4.96e-240	4.36e-237	1	6900	6900	0	1.392e+08	1.00e0	4.96e-240	9.92e-240	1.00e0	4.96e-240	9.92e-240
326	JASPAR2024_CORE_vertebrates_non-redundant.meme	MA0788.1	POU3F3	WWTATGCWAATTW	1.20e-238	1.20e-238	1.06e-235	1	6900	6900	0	1.394e+08	1.00e0	1.20e-238	2.41e-238	1.00e0	1.20e-238	2.41e-238
327	JASPAR2024_CORE_vertebrates_non-redundant.meme	MA0786.2	POU3F1	WTATGCWAAT	1.19e-236	1.19e-236	1.05e-233	1	6900	6900	0	1.396e+08	1.00e0	1.19e-236	2.39e-236	1.00e0	1.19e-236	2.39e-236
328	JASPAR2024_CORE_vertebrates_non-redundant.meme	MA0662.2	MIXL1	YAATTA	2.32e-234	2.32e-234	2.04e-231	1	6900	6900	0	1.398e+08	1.00e0	2.32e-234	4.65e-234	1.00e0	2.32e-234	4.65e-234
329	JASPAR2024_CORE_vertebrates_non-redundant.meme	MA0792.1	POU5F1B	TATGCWAAT	1.39e-232	1.39e-232	1.23e-229	1	6900	6900	0	1.399e+08	1.00e0	1.39e-232	2.79e-232	1.00e0	1.39e-232	2.79e-232
330	JASPAR2024_CORE_vertebrates_non-redundant.meme	MA0108.3	TBP	TATAAAW	2.28e-232	2.28e-232	2.01e-229	1	6900	6900	0	1.400e+08	1.00e0	2.28e-232	4.56e-232	1.00e0	2.28e-232	4.56e-232
331	JASPAR2024_CORE_vertebrates_non-redundant.meme	MA2124.1	Hmga1	ATTTTTAW	9.90e-229	9.90e-229	8.70e-226	1	6900	6900	0	1.403e+08	1.00e0	9.90e-229	1.98e-228	1.00e0	9.90e-229	1.98e-228
332	JASPAR2024_CORE_vertebrates_non-redundant.meme	MA0882.2	DLX6	YAATTA	3.22e-222	3.22e-222	2.83e-219	1	6900	6900	0	1.410e+08	1.00e0	3.22e-222	6.45e-222	1.00e0	3.22e-222	6.45e-222
333	JASPAR2024_CORE_vertebrates_non-redundant.meme	MA0787.1	POU3F2	WTATGCWAATKA	3.47e-221	3.47e-221	3.05e-218	1	6900	6900	0	1.411e+08	1.00e0	3.47e-221	6.95e-221	1.00e0	3.47e-221	6.95e-221
334	JASPAR2024_CORE_vertebrates_non-redundant.meme	MA0903.2	HOXB3	YMATTA	1.14e-220	1.14e-220	1.00e-217	1	6900	6900	0	1.411e+08	1.00e0	1.14e-220	2.28e-220	1.00e0	1.14e-220	2.28e-220
335	JASPAR2024_CORE_vertebrates_non-redundant.meme	MA1497.2	HOXA6	GYMATTA	8.85e-220	8.85e-220	7.78e-217	1	6900	6900	0	1.412e+08	1.00e0	8.85e-220	1.77e-219	1.00e0	8.85e-220	1.77e-219
336	JASPAR2024_CORE_vertebrates_non-redundant.meme	MA0681.3	PHOX2B	TAATCAAATTAW	1.10e-219	1.10e-219	9.66e-217	1	6900	6900	0	1.412e+08	1.00e0	1.10e-219	2.20e-219	1.00e0	1.10e-219	2.20e-219
337	JASPAR2024_CORE_vertebrates_non-redundant.meme	MA0052.5	MEF2A	CTAAAAATAG	1.53e-215	1.53e-215	1.34e-212	1	6900	6900	0	1.416e+08	1.00e0	1.53e-215	3.06e-215	1.00e0	1.53e-215	3.06e-215
338	JASPAR2024_CORE_vertebrates_non-redundant.meme	MA0025.3	NFIL3	TTATGYAAT	4.65e-212	4.65e-212	4.09e-209	1	6900	6900	0	1.420e+08	1.00e0	4.65e-212	9.30e-212	1.00e0	4.65e-212	9.30e-212
339	JASPAR2024_CORE_vertebrates_non-redundant.meme	MA0680.3	Pax7	TAATCAATTA	7.00e-212	7.00e-212	6.15e-209	1	6900	6900	0	1.420e+08	1.00e0	7.00e-212	1.40e-211	1.00e0	7.00e-212	1.40e-211
340	JASPAR2024_CORE_vertebrates_non-redundant.meme	MA0785.2	POU2F1	TATGCWAAT	5.92e-211	5.92e-211	5.21e-208	1	6900	6900	0	1.421e+08	1.00e0	5.92e-211	1.18e-210	1.00e0	5.92e-211	1.18e-210
341	JASPAR2024_CORE_vertebrates_non-redundant.meme	MA0700.3	LHX2	CAATTA	1.01e-209	1.01e-209	8.91e-207	1	6900	6900	0	1.422e+08	1.00e0	1.01e-209	2.03e-209	1.00e0	1.01e-209	2.03e-209
342	JASPAR2024_CORE_vertebrates_non-redundant.meme	MA0718.2	RAX	YAATTA	1.45e-209	1.45e-209	1.27e-206	1	6900	6900	0	1.422e+08	1.00e0	1.45e-209	2.89e-209	1.00e0	1.45e-209	2.89e-209
343	JASPAR2024_CORE_vertebrates_non-redundant.meme	MA0720.2	Shox2	YAATTA	2.62e-207	2.62e-207	2.30e-204	1	6900	6900	0	1.424e+08	1.00e0	2.62e-207	5.24e-207	1.00e0	2.62e-207	5.24e-207
344	JASPAR2024_CORE_vertebrates_non-redundant.meme	MA0789.1	POU3F4	TATGCWAAT	3.76e-206	3.76e-206	3.30e-203	1	6900	6900	0	1.426e+08	1.00e0	3.76e-206	7.52e-206	1.00e0	3.76e-206	7.52e-206
345	JASPAR2024_CORE_vertebrates_non-redundant.meme	MA0725.2	VSX1	YTAATTA	3.01e-205	3.01e-205	2.64e-202	1	6900	6900	0	1.427e+08	1.00e0	3.01e-205	6.01e-205	1.00e0	3.01e-205	6.01e-205
346	JASPAR2024_CORE_vertebrates_non-redundant.meme	MA0125.2	Nobox	TAATTR	5.70e-205	5.70e-205	5.01e-202	1	6900	6900	0	1.427e+08	1.00e0	5.70e-205	1.14e-204	1.00e0	5.70e-205	1.14e-204
347	JASPAR2024_CORE_vertebrates_non-redundant.meme	MA0704.2	Lhx4	TAATTA	4.10e-204	4.10e-204	3.60e-201	1	6900	6900	0	1.428e+08	1.00e0	4.10e-204	8.20e-204	1.00e0	4.10e-204	8.20e-204
348	JASPAR2024_CORE_vertebrates_non-redundant.meme	MA0716.2	PRRX1	YAATTA	5.65e-203	5.65e-203	4.96e-200	1	6900	6900	0	1.429e+08	1.00e0	5.65e-203	1.13e-202	1.00e0	5.65e-203	1.13e-202
349	JASPAR2024_CORE_vertebrates_non-redundant.meme	MA0887.2	EVX1	TAATTA	2.70e-202	2.70e-202	2.38e-199	1	6900	6900	0	1.430e+08	1.00e0	2.70e-202	5.41e-202	1.00e0	2.70e-202	5.41e-202
350	JASPAR2024_CORE_vertebrates_non-redundant.meme	MA0845.1	FOXB1	WATGTAAATAT	1.73e-201	1.73e-201	1.52e-198	1	6900	6900	0	1.430e+08	1.00e0	1.73e-201	3.46e-201	1.00e0	1.73e-201	3.46e-201
351	JASPAR2024_CORE_vertebrates_non-redundant.meme	MA1505.2	HOXC8	TAATTA	3.00e-201	3.00e-201	2.64e-198	1	6900	6900	0	1.431e+08	1.00e0	3.00e-201	6.00e-201	1.00e0	3.00e-201	6.00e-201
352	JASPAR2024_CORE_vertebrates_non-redundant.meme	MA0683.2	POU4F2	TGCATAATTAATGAG	5.79e-201	5.79e-201	5.09e-198	1	6900	6900	0	1.431e+08	1.00e0	5.79e-201	1.16e-200	1.00e0	5.79e-201	1.16e-200
353	JASPAR2024_CORE_vertebrates_non-redundant.meme	MA0660.1	MEF2B	RCTAWAAATAGC	1.94e-199	1.94e-199	1.71e-196	1	6900	6900	0	1.433e+08	1.00e0	1.94e-199	3.89e-199	1.00e0	1.94e-199	3.89e-199
354	JASPAR2024_CORE_vertebrates_non-redundant.meme	MA0888.2	EVX2	TAATTA	1.57e-198	1.57e-198	1.38e-195	1	6900	6900	0	1.433e+08	1.00e0	1.57e-198	3.15e-198	1.00e0	1.57e-198	3.15e-198
355	JASPAR2024_CORE_vertebrates_non-redundant.meme	MA0773.1	MEF2D	DCTAWAAATAGM	4.34e-198	4.34e-198	3.81e-195	1	6900	6900	0	1.434e+08	1.00e0	4.34e-198	8.68e-198	1.00e0	4.34e-198	8.68e-198
356	JASPAR2024_CORE_vertebrates_non-redundant.meme	MA1471.2	BARX2	WAAYMATTA	2.22e-196	2.22e-196	1.95e-193	1	6900	6900	0	1.436e+08	1.00e0	2.22e-196	4.44e-196	1.00e0	2.22e-196	4.44e-196
357	JASPAR2024_CORE_vertebrates_non-redundant.meme	MA1962.1	POU2F1::SOX2	MATTTRCATMACAATRG	6.31e-196	6.31e-196	5.55e-193	1	6900	6900	0	1.436e+08	1.00e0	6.31e-196	1.26e-195	1.00e0	6.31e-196	1.26e-195
358	JASPAR2024_CORE_vertebrates_non-redundant.meme	MA0715.1	PROP1	TAATYWAATTA	8.72e-195	8.72e-195	7.66e-192	1	6900	6900	0	1.437e+08	1.00e0	8.72e-195	1.74e-194	1.00e0	8.72e-195	1.74e-194
359	JASPAR2024_CORE_vertebrates_non-redundant.meme	MA0628.2	POU6F1	TAATTA	1.32e-194	1.32e-194	1.16e-191	1	6900	6900	0	1.438e+08	1.00e0	1.32e-194	2.64e-194	1.00e0	1.32e-194	2.64e-194
360	JASPAR2024_CORE_vertebrates_non-redundant.meme	MA0879.3	DLX1	YAATTA	2.81e-194	2.81e-194	2.47e-191	1	6900	6900	0	1.438e+08	1.00e0	2.81e-194	5.61e-194	1.00e0	2.81e-194	5.61e-194
361	JASPAR2024_CORE_vertebrates_non-redundant.meme	MA0899.2	HOXA10	GYMATAAAA	2.63e-192	2.63e-192	2.32e-189	1	6900	6900	0	1.440e+08	1.00e0	2.63e-192	5.27e-192	1.00e0	2.63e-192	5.27e-192
362	JASPAR2024_CORE_vertebrates_non-redundant.meme	MA0654.2	ISX	YAATTA	1.63e-191	1.63e-191	1.43e-188	1	6900	6900	0	1.441e+08	1.00e0	1.63e-191	3.25e-191	1.00e0	1.63e-191	3.25e-191
363	JASPAR2024_CORE_vertebrates_non-redundant.meme	MA0713.1	PHOX2A	TAATYYAATTA	1.89e-191	1.89e-191	1.66e-188	1	6900	6900	0	1.441e+08	1.00e0	1.89e-191	3.77e-191	1.00e0	1.89e-191	3.77e-191
364	JASPAR2024_CORE_vertebrates_non-redundant.meme	MA0890.2	GBX2	YAATTA	3.23e-186	3.23e-186	2.84e-183	1	6900	6900	0	1.447e+08	1.00e0	3.23e-186	6.47e-186	1.00e0	3.23e-186	6.47e-186
365	JASPAR2024_CORE_vertebrates_non-redundant.meme	MA1115.2	POU5F1	ATGCAAA	9.33e-186	9.33e-186	8.20e-183	1	6900	6900	0	1.447e+08	1.00e0	9.33e-186	1.87e-185	1.00e0	9.33e-186	1.87e-185
366	JASPAR2024_CORE_vertebrates_non-redundant.meme	MA0142.1	Pou5f1::Sox2	CWTTGTYATGCAAAT	6.66e-185	6.66e-185	5.86e-182	1	6900	6900	0	1.448e+08	1.00e0	6.66e-185	1.33e-184	1.00e0	6.66e-185	1.33e-184
367	JASPAR2024_CORE_vertebrates_non-redundant.meme	MA0601.2	Arid3b	TATTAAT	4.36e-184	4.36e-184	3.83e-181	1	6900	6900	0	1.449e+08	1.00e0	4.36e-184	8.71e-184	1.00e0	4.36e-184	8.71e-184
368	JASPAR2024_CORE_vertebrates_non-redundant.meme	MA1636.2	CEBPG	ATGATGCAAT	3.50e-183	3.50e-183	3.07e-180	1	6900	6900	0	1.450e+08	1.00e0	3.50e-183	6.99e-183	1.00e0	3.50e-183	6.99e-183
369	JASPAR2024_CORE_vertebrates_non-redundant.meme	MA0709.2	Msx3	CAATTA	1.94e-182	1.94e-182	1.70e-179	1	6900	6900	0	1.451e+08	1.00e0	1.94e-182	3.87e-182	1.00e0	1.94e-182	3.87e-182
370	JASPAR2024_CORE_vertebrates_non-redundant.meme	MA0674.2	NKX6-1	TMATTAA	5.43e-182	5.43e-182	4.77e-179	1	6900	6900	0	1.451e+08	1.00e0	5.43e-182	1.09e-181	1.00e0	5.43e-182	1.09e-181
371	JASPAR2024_CORE_vertebrates_non-redundant.meme	MA0679.3	ONECUT1	AAATCAATA	5.13e-180	5.13e-180	4.51e-177	1	6900	6900	0	1.453e+08	1.00e0	5.13e-180	1.03e-179	1.00e0	5.13e-180	1.03e-179
372	JASPAR2024_CORE_vertebrates_non-redundant.meme	MA0868.3	SOX8	AACAATR	6.65e-180	6.65e-180	5.84e-177	1	6900	6900	0	1.453e+08	1.00e0	6.65e-180	1.33e-179	1.00e0	6.65e-180	1.33e-179
373	JASPAR2024_CORE_vertebrates_non-redundant.meme	MA0726.2	VSX2	CTAATTA	2.29e-178	2.29e-178	2.01e-175	1	6900	6900	0	1.455e+08	1.00e0	2.29e-178	4.57e-178	1.00e0	2.29e-178	4.57e-178
374	JASPAR2024_CORE_vertebrates_non-redundant.meme	MA1963.2	SATB1	CTAATAA	8.01e-178	8.01e-178	7.04e-175	1	6900	6900	0	1.456e+08	1.00e0	8.01e-178	1.60e-177	1.00e0	8.01e-178	1.60e-177
375	JASPAR2024_CORE_vertebrates_non-redundant.meme	MA1113.3	PBX2	CATAAATCA	1.24e-177	1.24e-177	1.09e-174	1	6900	6900	0	1.456e+08	1.00e0	1.24e-177	2.49e-177	1.00e0	1.24e-177	2.49e-177
376	JASPAR2024_CORE_vertebrates_non-redundant.meme	MA0084.2	SRY	WAACAAT	6.72e-176	6.72e-176	5.91e-173	1	6900	6900	0	1.458e+08	1.00e0	6.72e-176	1.34e-175	1.00e0	6.72e-176	1.34e-175
377	JASPAR2024_CORE_vertebrates_non-redundant.meme	MA0784.3	POU1F1	CTMATTWGCATAWT	4.02e-175	4.02e-175	3.53e-172	1	6900	6900	0	1.459e+08	1.00e0	4.02e-175	8.04e-175	1.00e0	4.02e-175	8.04e-175
378	JASPAR2024_CORE_vertebrates_non-redundant.meme	MA0886.2	EMX2	TAATTA	6.92e-175	6.92e-175	6.08e-172	1	6900	6900	0	1.459e+08	1.00e0	6.92e-175	1.38e-174	1.00e0	6.92e-175	1.38e-174
379	JASPAR2024_CORE_vertebrates_non-redundant.meme	MA0706.2	MEOX2	STAATTA	1.25e-174	1.25e-174	1.10e-171	1	6900	6900	0	1.459e+08	1.00e0	1.25e-174	2.50e-174	1.00e0	1.25e-174	2.50e-174
380	JASPAR2024_CORE_vertebrates_non-redundant.meme	MA0102.5	CEBPA	ATTGCACAAT	4.04e-173	4.04e-173	3.55e-170	1	6900	6900	0	1.461e+08	1.00e0	4.04e-173	8.09e-173	1.00e0	4.04e-173	8.09e-173
381	JASPAR2024_CORE_vertebrates_non-redundant.meme	MA0710.2	NOTO	YTAATTA	1.46e-172	1.46e-172	1.29e-169	1	6900	6900	0	1.462e+08	1.00e0	1.46e-172	2.93e-172	1.00e0	1.46e-172	2.93e-172
382	JASPAR2024_CORE_vertebrates_non-redundant.meme	MA0627.3	POU2F3	TATGCAAAT	1.18e-171	1.18e-171	1.04e-168	1	6900	6900	0	1.463e+08	1.00e0	1.18e-171	2.37e-171	1.00e0	1.18e-171	2.37e-171
383	JASPAR2024_CORE_vertebrates_non-redundant.meme	MA0507.3	POU2F2	WTATGCAAATKAG	1.69e-171	1.69e-171	1.48e-168	1	6900	6900	0	1.463e+08	1.00e0	1.69e-171	3.37e-171	1.00e0	1.69e-171	3.37e-171
384	JASPAR2024_CORE_vertebrates_non-redundant.meme	MA1640.2	MEIS2	TGATTTATG	3.18e-170	3.18e-170	2.80e-167	1	6900	6900	0	1.464e+08	1.00e0	3.18e-170	6.36e-170	1.00e0	3.18e-170	6.36e-170
385	JASPAR2024_CORE_vertebrates_non-redundant.meme	MA0901.3	HOXB13	CCAATAAAA	7.75e-170	7.75e-170	6.81e-167	1	6900	6900	0	1.465e+08	1.00e0	7.75e-170	1.55e-169	1.00e0	7.75e-170	1.55e-169
386	JASPAR2024_CORE_vertebrates_non-redundant.meme	MA0465.3	CDX2	GCAATAAA	8.68e-170	8.68e-170	7.63e-167	1	6900	6900	0	1.465e+08	1.00e0	8.68e-170	1.74e-169	1.00e0	8.68e-170	1.74e-169
387	JASPAR2024_CORE_vertebrates_non-redundant.meme	MA0032.2	FOXC1	WAWGTAAAYAW	6.02e-167	6.02e-167	5.29e-164	1	6900	6900	0	1.468e+08	1.00e0	6.02e-167	1.20e-166	1.00e0	6.02e-167	1.20e-166
388	JASPAR2024_CORE_vertebrates_non-redundant.meme	MA1603.2	Dmrt1	TACAAAGTA	6.78e-165	6.78e-165	5.96e-162	1	6900	6900	0	1.470e+08	1.00e0	6.78e-165	1.36e-164	1.00e0	6.78e-165	1.36e-164
389	JASPAR2024_CORE_vertebrates_non-redundant.meme	MA0077.2	SOX9	CYATTGTT	6.38e-164	6.38e-164	5.60e-161	1	6900	6900	0	1.471e+08	1.00e0	6.38e-164	1.28e-163	1.00e0	6.38e-164	1.28e-163
390	JASPAR2024_CORE_vertebrates_non-redundant.meme	MA0135.2	Lhx3	WAATTAATTAWY	1.42e-162	1.42e-162	1.25e-159	1	6900	6900	0	1.473e+08	1.00e0	1.42e-162	2.83e-162	1.00e0	1.42e-162	2.83e-162
391	JASPAR2024_CORE_vertebrates_non-redundant.meme	MA0902.3	HOXB2	YAATTA	3.99e-160	3.99e-160	3.50e-157	1	6900	6900	0	1.476e+08	1.00e0	3.99e-160	7.97e-160	1.00e0	3.99e-160	7.97e-160
392	JASPAR2024_CORE_vertebrates_non-redundant.meme	MA0909.4	Hoxd13	CAATAAA	4.17e-156	4.17e-156	3.67e-153	1	6900	6900	0	1.480e+08	1.00e0	4.17e-156	8.34e-156	1.00e0	4.17e-156	8.34e-156
393	JASPAR2024_CORE_vertebrates_non-redundant.meme	MA0650.4	Hoxa13	CCAATAAA	1.98e-155	1.98e-155	1.74e-152	1	6900	6900	0	1.481e+08	1.00e0	1.98e-155	3.96e-155	1.00e0	1.98e-155	3.96e-155
394	JASPAR2024_CORE_vertebrates_non-redundant.meme	MA0151.1	Arid3a	ATYAAA	3.97e-153	3.97e-153	3.49e-150	1	6900	6900	0	1.484e+08	1.00e0	3.97e-153	7.94e-153	1.00e0	3.97e-153	7.94e-153
395	JASPAR2024_CORE_vertebrates_non-redundant.meme	MA0612.3	EMX1	TAATTA	4.20e-152	4.20e-152	3.69e-149	1	6900	6900	0	1.485e+08	1.00e0	4.20e-152	8.39e-152	1.00e0	4.20e-152	8.39e-152
396	JASPAR2024_CORE_vertebrates_non-redundant.meme	MA0043.4	HLF	TTATGCAAC	5.15e-152	5.15e-152	4.52e-149	1	6900	6900	0	1.485e+08	1.00e0	5.15e-152	1.03e-151	1.00e0	5.15e-152	1.03e-151
397	JASPAR2024_CORE_vertebrates_non-redundant.meme	MA0876.2	BSX	YVATTA	1.75e-151	1.75e-151	1.54e-148	1	6900	6900	0	1.486e+08	1.00e0	1.75e-151	3.49e-151	1.00e0	1.75e-151	3.49e-151
398	JASPAR2024_CORE_vertebrates_non-redundant.meme	MA0780.1	PAX3	TAATYRATTA	2.59e-151	2.59e-151	2.28e-148	1	6900	6900	0	1.486e+08	1.00e0	2.59e-151	5.18e-151	1.00e0	2.59e-151	5.18e-151
399	JASPAR2024_CORE_vertebrates_non-redundant.meme	MA1495.2	HOXA1	TAATTA	5.68e-151	5.68e-151	4.99e-148	1	6900	6900	0	1.486e+08	1.00e0	5.68e-151	1.14e-150	1.00e0	5.68e-151	1.14e-150
400	JASPAR2024_CORE_vertebrates_non-redundant.meme	MA0027.3	EN1	YAATTA	1.55e-150	1.55e-150	1.36e-147	1	6900	6900	0	1.487e+08	1.00e0	1.55e-150	3.10e-150	1.00e0	1.55e-150	3.10e-150
401	JASPAR2024_CORE_vertebrates_non-redundant.meme	MA1120.2	SOX13	ACAATGG	4.14e-150	4.14e-150	3.64e-147	1	6900	6900	0	1.487e+08	1.00e0	4.14e-150	8.27e-150	1.00e0	4.14e-150	8.27e-150
402	JASPAR2024_CORE_vertebrates_non-redundant.meme	MA0894.2	HESX1	TAATTR	5.40e-150	5.40e-150	4.75e-147	1	6900	6900	0	1.488e+08	1.00e0	5.40e-150	1.08e-149	1.00e0	5.40e-150	1.08e-149
403	JASPAR2024_CORE_vertebrates_non-redundant.meme	MA1500.2	HOXB6	TAATKRC	1.17e-149	1.17e-149	1.03e-146	1	6900	6900	0	1.488e+08	1.00e0	1.17e-149	2.34e-149	1.00e0	1.17e-149	2.34e-149
404	JASPAR2024_CORE_vertebrates_non-redundant.meme	MA0875.2	BARX1	CMATTA	4.22e-149	4.22e-149	3.71e-146	1	6900	6900	0	1.489e+08	1.00e0	4.22e-149	8.44e-149	1.00e0	4.22e-149	8.44e-149
405	JASPAR2024_CORE_vertebrates_non-redundant.meme	MA0132.3	PDX1	YAATTA	7.34e-149	7.34e-149	6.45e-146	1	6900	6900	0	1.489e+08	1.00e0	7.34e-149	1.47e-148	1.00e0	7.34e-149	1.47e-148
406	JASPAR2024_CORE_vertebrates_non-redundant.meme	MA0143.5	SOX2	ACAATGG	6.88e-148	6.88e-148	6.05e-145	1	6900	6900	0	1.490e+08	1.00e0	6.88e-148	1.38e-147	1.00e0	6.88e-148	1.38e-147
407	JASPAR2024_CORE_vertebrates_non-redundant.meme	MA0497.2	MEF2C	CYAAAAATAGM	1.15e-147	1.15e-147	1.01e-144	1	6900	6900	0	1.490e+08	1.00e0	1.15e-147	2.31e-147	1.00e0	1.15e-147	2.31e-147
408	JASPAR2024_CORE_vertebrates_non-redundant.meme	MA0904.3	HOXB5	TAATTA	3.35e-147	3.35e-147	2.94e-144	1	6900	6900	0	1.491e+08	1.00e0	3.35e-147	6.70e-147	1.00e0	3.35e-147	6.70e-147
409	JASPAR2024_CORE_vertebrates_non-redundant.meme	MA1974.2	ZNF211	YATATACCAY	1.61e-146	1.61e-146	1.42e-143	1	6900	6900	0	1.492e+08	1.00e0	1.61e-146	3.23e-146	1.00e0	1.61e-146	3.23e-146
410	JASPAR2024_CORE_vertebrates_non-redundant.meme	MA0046.3	HNF1A	RTTAATNATTAAC	1.46e-144	1.46e-144	1.28e-141	1	6900	6900	0	1.494e+08	1.00e0	1.46e-144	2.91e-144	1.00e0	1.46e-144	2.91e-144
411	JASPAR2024_CORE_vertebrates_non-redundant.meme	MA0621.2	mix-a	TTAATTA	2.53e-144	2.53e-144	2.23e-141	1	6900	6900	0	1.495e+08	1.00e0	2.53e-144	5.07e-144	1.00e0	2.53e-144	5.07e-144
412	JASPAR2024_CORE_vertebrates_non-redundant.meme	MA1504.2	HOXC4	TMATTA	4.77e-144	4.77e-144	4.19e-141	1	6900	6900	0	1.495e+08	1.00e0	4.77e-144	9.54e-144	1.00e0	4.77e-144	9.54e-144
413	JASPAR2024_CORE_vertebrates_non-redundant.meme	MA0635.2	BARHL2	TAAAYG	5.54e-144	5.54e-144	4.87e-141	1	6900	6900	0	1.495e+08	1.00e0	5.54e-144	1.11e-143	1.00e0	5.54e-144	1.11e-143
414	JASPAR2024_CORE_vertebrates_non-redundant.meme	MA1577.2	TLX2	YAATTA	2.06e-143	2.06e-143	1.81e-140	1	6900	6900	0	1.496e+08	1.00e0	2.06e-143	4.13e-143	1.00e0	2.06e-143	4.13e-143
415	JASPAR2024_CORE_vertebrates_non-redundant.meme	MA2335.1	ZNF558	AWTTGATGAAAGACATRAATMTACAVATY	2.68e-143	2.68e-143	2.35e-140	1	6900	6900	0	1.496e+08	1.00e0	2.68e-143	5.36e-143	1.00e0	2.68e-143	5.36e-143
416	JASPAR2024_CORE_vertebrates_non-redundant.meme	MA0757.2	ONECUT3	AAAAATCRATAA	8.25e-143	8.25e-143	7.25e-140	1	6900	6900	0	1.496e+08	1.00e0	8.25e-143	1.65e-142	1.00e0	8.25e-143	1.65e-142
417	JASPAR2024_CORE_vertebrates_non-redundant.meme	MA1481.2	DRGX	YAATTA	9.99e-142	9.99e-142	8.78e-139	1	6900	6900	0	1.498e+08	1.00e0	9.99e-142	2.00e-141	1.00e0	9.99e-142	2.00e-141
418	JASPAR2024_CORE_vertebrates_non-redundant.meme	MA0905.2	HOXC10	GTCRTAAAA	5.92e-141	5.92e-141	5.20e-138	1	6900	6900	0	1.499e+08	1.00e0	5.92e-141	1.18e-140	1.00e0	5.92e-141	1.18e-140
419	JASPAR2024_CORE_vertebrates_non-redundant.meme	MA0153.2	HNF1B	GTTAATNATTAAY	1.70e-138	1.70e-138	1.49e-135	1	6900	6900	0	1.502e+08	1.00e0	1.70e-138	3.39e-138	1.00e0	1.70e-138	3.39e-138
420	JASPAR2024_CORE_vertebrates_non-redundant.meme	MA1152.2	SOX15	CYWTTGT	2.61e-137	2.61e-137	2.29e-134	1	6900	6900	0	1.503e+08	1.00e0	2.61e-137	5.21e-137	1.00e0	2.61e-137	5.21e-137
421	JASPAR2024_CORE_vertebrates_non-redundant.meme	MA1502.2	HOXB8	GYMATTA	2.85e-137	2.85e-137	2.50e-134	1	6900	6900	0	1.503e+08	1.00e0	2.85e-137	5.70e-137	1.00e0	2.85e-137	5.70e-137
422	JASPAR2024_CORE_vertebrates_non-redundant.meme	MA1507.2	HOXD4	TMATTA	3.98e-137	3.98e-137	3.50e-134	1	6900	6900	0	1.503e+08	1.00e0	3.98e-137	7.97e-137	1.00e0	3.98e-137	7.97e-137
423	JASPAR2024_CORE_vertebrates_non-redundant.meme	MA1496.2	HOXA4	RTMATTA	5.33e-137	5.33e-137	4.69e-134	1	6900	6900	0	1.504e+08	1.00e0	5.33e-137	1.07e-136	1.00e0	5.33e-137	1.07e-136
424	JASPAR2024_CORE_vertebrates_non-redundant.meme	MA0068.2	PAX4	CTAATTAG	6.50e-137	6.50e-137	5.72e-134	1	6900	6900	0	1.504e+08	1.00e0	6.50e-137	1.30e-136	1.00e0	6.50e-137	1.30e-136
425	JASPAR2024_CORE_vertebrates_non-redundant.meme	MA1607.2	Foxl2	WATGTAAACA	7.20e-137	7.20e-137	6.33e-134	1	6900	6900	0	1.504e+08	1.00e0	7.20e-137	1.44e-136	1.00e0	7.20e-137	1.44e-136
426	JASPAR2024_CORE_vertebrates_non-redundant.meme	MA0900.3	HOXA2	TAATTA	9.09e-137	9.09e-137	7.99e-134	1	6900	6900	0	1.504e+08	1.00e0	9.09e-137	1.82e-136	1.00e0	9.09e-137	1.82e-136
427	JASPAR2024_CORE_vertebrates_non-redundant.meme	MA0891.2	GSC2	TAATCC	1.12e-136	1.12e-136	9.87e-134	1	6900	6900	0	1.504e+08	1.00e0	1.12e-136	2.25e-136	1.00e0	1.12e-136	2.25e-136
428	JASPAR2024_CORE_vertebrates_non-redundant.meme	MA0910.3	HOXD8	GYMATTA	5.21e-136	5.21e-136	4.58e-133	1	6900	6900	0	1.505e+08	1.00e0	5.21e-136	1.04e-135	1.00e0	5.21e-136	1.04e-135
429	JASPAR2024_CORE_vertebrates_non-redundant.meme	MA0514.3	Sox3	ACAATGG	8.07e-136	8.07e-136	7.09e-133	1	6900	6900	0	1.505e+08	1.00e0	8.07e-136	1.61e-135	1.00e0	8.07e-136	1.61e-135
430	JASPAR2024_CORE_vertebrates_non-redundant.meme	MA0854.2	Alx1	YTAATTAR	2.81e-135	2.81e-135	2.47e-132	1	6900	6900	0	1.506e+08	1.00e0	2.81e-135	5.62e-135	1.00e0	2.81e-135	5.62e-135
431	JASPAR2024_CORE_vertebrates_non-redundant.meme	MA1499.2	HOXB4	TMATTA	1.70e-134	1.70e-134	1.49e-131	1	6900	6900	0	1.507e+08	1.00e0	1.70e-134	3.40e-134	1.00e0	1.70e-134	3.40e-134
432	JASPAR2024_CORE_vertebrates_non-redundant.meme	MA1639.2	MEIS1	CATMAATCA	1.67e-133	1.67e-133	1.46e-130	1	6900	6900	0	1.508e+08	1.00e0	1.67e-133	3.33e-133	1.00e0	1.67e-133	3.33e-133
433	JASPAR2024_CORE_vertebrates_non-redundant.meme	MA0619.2	LIN54	TTTRAAT	3.69e-133	3.69e-133	3.24e-130	1	6900	6900	0	1.508e+08	1.00e0	3.69e-133	7.38e-133	1.00e0	3.69e-133	7.38e-133
434	JASPAR2024_CORE_vertebrates_non-redundant.meme	MA0914.2	ISL2	CAMTTA	6.32e-133	6.32e-133	5.55e-130	1	6900	6900	0	1.509e+08	1.00e0	6.32e-133	1.26e-132	1.00e0	6.32e-133	1.26e-132
435	JASPAR2024_CORE_vertebrates_non-redundant.meme	MA1463.2	ARGFX	CTAATTAR	1.17e-131	1.17e-131	1.03e-128	1	6900	6900	0	1.510e+08	1.00e0	1.17e-131	2.35e-131	1.00e0	1.17e-131	2.35e-131
436	JASPAR2024_CORE_vertebrates_non-redundant.meme	MA0874.2	Arx	CRYTAATTAR	1.96e-131	1.96e-131	1.72e-128	1	6900	6900	0	1.511e+08	1.00e0	1.96e-131	3.92e-131	1.00e0	1.96e-131	3.92e-131
437	JASPAR2024_CORE_vertebrates_non-redundant.meme	MA1476.3	Dlx5	GCAATTAG	2.95e-130	2.95e-130	2.59e-127	1	6900	6900	0	1.512e+08	1.00e0	2.95e-130	5.90e-130	1.00e0	2.95e-130	5.90e-130
438	JASPAR2024_CORE_vertebrates_non-redundant.meme	MA0889.2	GBX1	CYAATTA	5.26e-130	5.26e-130	4.62e-127	1	6900	6900	0	1.513e+08	1.00e0	5.26e-130	1.05e-129	1.00e0	5.26e-130	1.05e-129
439	JASPAR2024_CORE_vertebrates_non-redundant.meme	MA0642.3	EN2	SYAATTA	2.93e-128	2.93e-128	2.57e-125	1	6900	6900	0	1.515e+08	1.00e0	2.93e-128	5.85e-128	1.00e0	2.93e-128	5.85e-128
440	JASPAR2024_CORE_vertebrates_non-redundant.meme	MA0913.3	HOXD9	GYMATAAAA	3.74e-128	3.74e-128	3.29e-125	1	6900	6900	0	1.515e+08	1.00e0	3.74e-128	7.49e-128	1.00e0	3.74e-128	7.49e-128
441	JASPAR2024_CORE_vertebrates_non-redundant.meme	MA0846.2	FOXC2	WAWGTAAACAW	4.78e-128	4.78e-128	4.20e-125	1	6900	6900	0	1.515e+08	1.00e0	4.78e-128	9.57e-128	1.00e0	4.78e-128	9.57e-128
442	JASPAR2024_CORE_vertebrates_non-redundant.meme	MA0148.5	FOXA1	GTAAACAT	1.16e-125	1.16e-125	1.02e-122	1	6900	6900	0	1.518e+08	1.00e0	1.16e-125	2.32e-125	1.00e0	1.16e-125	2.32e-125
443	JASPAR2024_CORE_vertebrates_non-redundant.meme	MA1608.2	Isl1	CCATTAG	3.86e-125	3.86e-125	3.39e-122	1	6900	6900	0	1.519e+08	1.00e0	3.86e-125	7.72e-125	1.00e0	3.86e-125	7.72e-125
444	JASPAR2024_CORE_vertebrates_non-redundant.meme	MA0908.2	HOXD11	RTCGTAAAA	1.35e-124	1.35e-124	1.19e-121	1	6900	6900	0	1.520e+08	1.00e0	1.35e-124	2.70e-124	1.00e0	1.35e-124	2.70e-124
445	JASPAR2024_CORE_vertebrates_non-redundant.meme	MA0885.3	Dlx2	GCAATTAG	2.53e-124	2.53e-124	2.23e-121	1	6900	6900	0	1.520e+08	1.00e0	2.53e-124	5.07e-124	1.00e0	2.53e-124	5.07e-124
446	JASPAR2024_CORE_vertebrates_non-redundant.meme	MA0893.3	GSX2	SYMATTA	3.69e-124	3.69e-124	3.24e-121	1	6900	6900	0	1.520e+08	1.00e0	3.69e-124	7.38e-124	1.00e0	3.69e-124	7.38e-124
447	JASPAR2024_CORE_vertebrates_non-redundant.meme	MA0833.3	ATF4	ATGATGCAAT	3.96e-124	3.96e-124	3.48e-121	1	6900	6900	0	1.520e+08	1.00e0	3.96e-124	7.91e-124	1.00e0	3.96e-124	7.91e-124
448	JASPAR2024_CORE_vertebrates_non-redundant.meme	MA1473.2	CDX4	GYMATAAAA	1.83e-123	1.83e-123	1.61e-120	1	6900	6900	0	1.521e+08	1.00e0	1.83e-123	3.67e-123	1.00e0	1.83e-123	3.67e-123
449	JASPAR2024_CORE_vertebrates_non-redundant.meme	MA0644.3	ESX1	YYAATTA	3.06e-123	3.06e-123	2.69e-120	1	6900	6900	0	1.521e+08	1.00e0	3.06e-123	6.11e-123	1.00e0	3.06e-123	6.11e-123
450	JASPAR2024_CORE_vertebrates_non-redundant.meme	MA0075.4	PRRX2	CTAATTA	4.30e-123	4.30e-123	3.78e-120	1	6900	6900	0	1.522e+08	1.00e0	4.30e-123	8.59e-123	1.00e0	4.30e-123	8.59e-123
451	JASPAR2024_CORE_vertebrates_non-redundant.meme	MA1142.2	FOSL1::JUND	RTGACTCA	3.86e-122	3.86e-122	3.39e-119	1	6900	6900	0	1.523e+08	1.00e0	3.86e-122	7.72e-122	1.00e0	3.86e-122	7.72e-122
452	JASPAR2024_CORE_vertebrates_non-redundant.meme	MA1549.2	POU6F1	TAATGAG	1.18e-120	1.18e-120	1.04e-117	1	6900	6900	0	1.525e+08	1.00e0	1.18e-120	2.36e-120	1.00e0	1.18e-120	2.36e-120
453	JASPAR2024_CORE_vertebrates_non-redundant.meme	MA0897.2	Hmx2	AAGCAATTAAHVVRT	2.10e-120	2.10e-120	1.84e-117	1	6900	6900	0	1.525e+08	1.00e0	2.10e-120	4.19e-120	1.00e0	2.10e-120	4.19e-120
454	JASPAR2024_CORE_vertebrates_non-redundant.meme	MA0661.2	MEOX1	STAATTA	4.30e-120	4.30e-120	3.78e-117	1	6900	6900	0	1.526e+08	1.00e0	4.30e-120	8.60e-120	1.00e0	4.30e-120	8.60e-120
455	JASPAR2024_CORE_vertebrates_non-redundant.meme	MA0898.2	Hmx3	AGCAATTAA	7.44e-120	7.44e-120	6.54e-117	1	6900	6900	0	1.526e+08	1.00e0	7.44e-120	1.49e-119	1.00e0	7.44e-120	1.49e-119
456	JASPAR2024_CORE_vertebrates_non-redundant.meme	MA0878.3	CDX1	GGYMATAAAA	1.23e-119	1.23e-119	1.08e-116	1	6900	6900	0	1.526e+08	1.00e0	1.23e-119	2.45e-119	1.00e0	1.23e-119	2.45e-119
457	JASPAR2024_CORE_vertebrates_non-redundant.meme	MA0703.3	LMX1B	TTAATTAA	2.83e-119	2.83e-119	2.49e-116	1	6900	6900	0	1.527e+08	1.00e0	2.83e-119	5.66e-119	1.00e0	2.83e-119	5.66e-119
458	JASPAR2024_CORE_vertebrates_non-redundant.meme	MA0041.3	FOXD3	WAWGHAAATAAACA	3.40e-118	3.40e-118	2.99e-115	1	6900	6900	0	1.528e+08	1.00e0	3.40e-118	6.80e-118	1.00e0	3.40e-118	6.80e-118
459	JASPAR2024_CORE_vertebrates_non-redundant.meme	MA0701.3	LHX9	CYAATTA	1.42e-116	1.42e-116	1.24e-113	1	6900	6900	0	1.530e+08	1.00e0	1.42e-116	2.83e-116	1.00e0	1.42e-116	2.83e-116
460	JASPAR2024_CORE_vertebrates_non-redundant.meme	MA0666.3	MSX1	CAATTA	5.28e-116	5.28e-116	4.64e-113	1	6900	6900	0	1.531e+08	1.00e0	5.28e-116	1.06e-115	1.00e0	5.28e-116	1.06e-115
461	JASPAR2024_CORE_vertebrates_non-redundant.meme	MA1479.2	DMRTC2	AATTGMTACAT	8.52e-116	8.52e-116	7.49e-113	1	6900	6900	0	1.531e+08	1.00e0	8.52e-116	1.70e-115	1.00e0	8.52e-116	1.70e-115
462	JASPAR2024_CORE_vertebrates_non-redundant.meme	MA0793.2	POU6F2	ASCTMATTA	7.67e-114	7.67e-114	6.74e-111	1	6900	6900	0	1.534e+08	1.00e0	7.67e-114	1.53e-113	1.00e0	7.67e-114	1.53e-113
463	JASPAR2024_CORE_vertebrates_non-redundant.meme	MA0836.3	CEBPD	TTGCACAA	3.13e-113	3.13e-113	2.75e-110	1	6900	6900	0	1.535e+08	1.00e0	3.13e-113	6.26e-113	1.00e0	3.13e-113	6.26e-113
464	JASPAR2024_CORE_vertebrates_non-redundant.meme	MA0911.2	Hoxa11	GTCGTAAAA	3.91e-112	3.91e-112	3.44e-109	1	6900	6900	0	1.536e+08	1.00e0	3.91e-112	7.82e-112	1.00e0	3.91e-112	7.82e-112
465	JASPAR2024_CORE_vertebrates_non-redundant.meme	MA1563.2	SOX18	AACAATDV	4.70e-112	4.70e-112	4.13e-109	1	6900	6900	0	1.537e+08	1.00e0	4.70e-112	9.40e-112	1.00e0	4.70e-112	9.40e-112
466	JASPAR2024_CORE_vertebrates_non-redundant.meme	MA0708.3	MSX2	CAATTA	1.63e-111	1.63e-111	1.44e-108	1	6900	6900	0	1.537e+08	1.00e0	1.63e-111	3.27e-111	1.00e0	1.63e-111	3.27e-111
467	JASPAR2024_CORE_vertebrates_non-redundant.meme	MA1562.2	SOX14	CGAACAATG	3.49e-111	3.49e-111	3.07e-108	1	6900	6900	0	1.538e+08	1.00e0	3.49e-111	6.97e-111	1.00e0	3.49e-111	6.97e-111
468	JASPAR2024_CORE_vertebrates_non-redundant.meme	MA0843.2	TEF	RTTACRTAAY	6.32e-111	6.32e-111	5.56e-108	1	6900	6900	0	1.538e+08	1.00e0	6.32e-111	1.26e-110	1.00e0	6.32e-111	1.26e-110
469	JASPAR2024_CORE_vertebrates_non-redundant.meme	MA0809.3	TEAD4	ACATTCCA	1.06e-109	1.06e-109	9.28e-107	1	6900	6900	0	1.540e+08	1.00e0	1.06e-109	2.11e-109	1.00e0	1.06e-109	2.11e-109
470	JASPAR2024_CORE_vertebrates_non-redundant.meme	MA0724.1	VENTX	AMCGATTAR	3.00e-109	3.00e-109	2.64e-106	1	6900	6900	0	1.540e+08	1.00e0	3.00e-109	6.00e-109	1.00e0	3.00e-109	6.00e-109
471	JASPAR2024_CORE_vertebrates_non-redundant.meme	MA0755.2	CUX2	TRATCGATA	2.04e-108	2.04e-108	1.80e-105	1	6900	6900	0	1.542e+08	1.00e0	2.04e-108	4.09e-108	1.00e0	2.04e-108	4.09e-108
472	JASPAR2024_CORE_vertebrates_non-redundant.meme	MA1606.2	Foxf1	RTAAACA	1.03e-107	1.03e-107	9.04e-105	1	6900	6900	0	1.543e+08	1.00e0	1.03e-107	2.06e-107	1.00e0	1.03e-107	2.06e-107
473	JASPAR2024_CORE_vertebrates_non-redundant.meme	MA0047.4	FOXA2	WGTAAACA	1.19e-107	1.19e-107	1.04e-104	1	6900	6900	0	1.543e+08	1.00e0	1.19e-107	2.37e-107	1.00e0	1.19e-107	2.37e-107
474	JASPAR2024_CORE_vertebrates_non-redundant.meme	MA0490.3	JUNB	ATGACTCAT	1.33e-107	1.33e-107	1.17e-104	1	6900	6900	0	1.543e+08	1.00e0	1.33e-107	2.66e-107	1.00e0	1.33e-107	2.66e-107
475	JASPAR2024_CORE_vertebrates_non-redundant.meme	MA1530.2	NKX6-3	VYCATTAW	1.56e-107	1.56e-107	1.37e-104	1	6900	6900	0	1.543e+08	1.00e0	1.56e-107	3.12e-107	1.00e0	1.56e-107	3.12e-107
476	JASPAR2024_CORE_vertebrates_non-redundant.meme	MA0611.3	Dux	TGATTBAATCA	2.96e-107	2.96e-107	2.60e-104	1	6900	6900	0	1.543e+08	1.00e0	2.96e-107	5.92e-107	1.00e0	2.96e-107	5.92e-107
477	JASPAR2024_CORE_vertebrates_non-redundant.meme	MA0896.2	Hmx1	AGCAATTAA	2.69e-106	2.69e-106	2.37e-103	1	6900	6900	0	1.545e+08	1.00e0	2.69e-106	5.38e-106	1.00e0	2.69e-106	5.38e-106
478	JASPAR2024_CORE_vertebrates_non-redundant.meme	MA1137.2	FOSL1::JUNB	RTGACTCAT	7.30e-105	7.30e-105	6.42e-102	1	6900	6900	0	1.547e+08	1.00e0	7.30e-105	1.46e-104	1.00e0	7.30e-105	1.46e-104
479	JASPAR2024_CORE_vertebrates_non-redundant.meme	MA0895.2	HMBOX1	TAGTTAM	9.21e-105	9.21e-105	8.10e-102	1	6900	6900	0	1.547e+08	1.00e0	9.21e-105	1.84e-104	1.00e0	9.21e-105	1.84e-104
480	JASPAR2024_CORE_vertebrates_non-redundant.meme	MA0707.3	MNX1	YRATTA	2.02e-104	2.02e-104	1.77e-101	1	6900	6900	0	1.547e+08	1.00e0	2.02e-104	4.04e-104	1.00e0	2.02e-104	4.04e-104
481	JASPAR2024_CORE_vertebrates_non-redundant.meme	MA0078.3	Sox17	AGAACAATGG	2.19e-104	2.19e-104	1.92e-101	1	6900	6900	0	1.547e+08	1.00e0	2.19e-104	4.38e-104	1.00e0	2.19e-104	4.38e-104
482	JASPAR2024_CORE_vertebrates_non-redundant.meme	MA1718.1	ZNF8	GTATGGATATACCACAKTTT	3.85e-104	3.85e-104	3.39e-101	1	6900	6900	0	1.548e+08	1.00e0	3.85e-104	7.71e-104	1.00e0	3.85e-104	7.71e-104
483	JASPAR2024_CORE_vertebrates_non-redundant.meme	MA0835.3	BATF3	TGACTCA	3.98e-104	3.98e-104	3.50e-101	1	6900	6900	0	1.548e+08	1.00e0	3.98e-104	7.97e-104	1.00e0	3.98e-104	7.97e-104
484	JASPAR2024_CORE_vertebrates_non-redundant.meme	MA1501.2	HOXB7	GTAATTA	5.90e-104	5.90e-104	5.18e-101	1	6900	6900	0	1.548e+08	1.00e0	5.90e-104	1.18e-103	1.00e0	5.90e-104	1.18e-103
485	JASPAR2024_CORE_vertebrates_non-redundant.meme	MA2102.1	ZBTB17	AATCGATT	7.31e-104	7.31e-104	6.43e-101	1	6900	6900	0	1.548e+08	1.00e0	7.31e-104	1.46e-103	1.00e0	7.31e-104	1.46e-103
486	JASPAR2024_CORE_vertebrates_non-redundant.meme	MA0702.3	LMX1A	TTAATTA	9.09e-104	9.09e-104	7.99e-101	1	6900	6900	0	1.548e+08	1.00e0	9.09e-104	1.82e-103	1.00e0	9.09e-104	1.82e-103
487	JASPAR2024_CORE_vertebrates_non-redundant.meme	MA0040.2	Foxq1	ATTGTTTATW	1.11e-103	1.11e-103	9.76e-101	1	6900	6900	0	1.548e+08	1.00e0	1.11e-103	2.22e-103	1.00e0	1.11e-103	2.22e-103
488	JASPAR2024_CORE_vertebrates_non-redundant.meme	MA0769.3	TCF7	CTTTGAW	1.19e-103	1.19e-103	1.05e-100	1	6900	6900	0	1.548e+08	1.00e0	1.19e-103	2.39e-103	1.00e0	1.19e-103	2.39e-103
489	JASPAR2024_CORE_vertebrates_non-redundant.meme	MA1634.2	BATF	TGACTCA	2.66e-102	2.66e-102	2.34e-99	1	6900	6900	0	1.550e+08	1.00e0	2.66e-102	5.33e-102	1.00e0	2.66e-102	5.33e-102
490	JASPAR2024_CORE_vertebrates_non-redundant.meme	MA0754.3	CUX1	TAATCGATA	2.84e-102	2.84e-102	2.49e-99	1	6900	6900	0	1.550e+08	1.00e0	2.84e-102	5.67e-102	1.00e0	2.84e-102	5.67e-102
491	JASPAR2024_CORE_vertebrates_non-redundant.meme	MA0476.2	FOS	TGASTCAT	2.95e-102	2.95e-102	2.59e-99	1	6900	6900	0	1.551e+08	1.00e0	2.95e-102	5.90e-102	1.00e0	2.95e-102	5.90e-102
492	JASPAR2024_CORE_vertebrates_non-redundant.meme	MA2119.1	HOXA3	STAATTA	3.14e-102	3.14e-102	2.76e-99	1	6900	6900	0	1.551e+08	1.00e0	3.14e-102	6.28e-102	1.00e0	3.14e-102	6.28e-102
493	JASPAR2024_CORE_vertebrates_non-redundant.meme	MA0847.4	FOXD2	YTAARYAAACA	1.27e-101	1.27e-101	1.12e-98	1	6900	6900	0	1.551e+08	1.00e0	1.27e-101	2.55e-101	1.00e0	1.27e-101	2.55e-101
494	JASPAR2024_CORE_vertebrates_non-redundant.meme	MA0912.2	HOXD3	CTAATTAC	2.82e-101	2.82e-101	2.48e-98	1	6900	6900	0	1.552e+08	1.00e0	2.82e-101	5.64e-101	1.00e0	2.82e-101	5.64e-101
495	JASPAR2024_CORE_vertebrates_non-redundant.meme	MA0481.4	FOXP1	GTAAACA	4.26e-101	4.26e-101	3.74e-98	1	6900	6900	0	1.552e+08	1.00e0	4.26e-101	8.52e-101	1.00e0	4.26e-101	8.52e-101
496	JASPAR2024_CORE_vertebrates_non-redundant.meme	MA0087.3	Sox5	AACAATGG	6.31e-101	6.31e-101	5.54e-98	1	6900	6900	0	1.552e+08	1.00e0	6.31e-101	1.26e-100	1.00e0	6.31e-101	1.26e-100
497	JASPAR2024_CORE_vertebrates_non-redundant.meme	MA1103.3	FOXK2	GTAAACA	1.73e-100	1.73e-100	1.52e-97	1	6900	6900	0	1.553e+08	1.00e0	1.73e-100	3.46e-100	1.00e0	1.73e-100	3.46e-100
498	JASPAR2024_CORE_vertebrates_non-redundant.meme	MA0613.1	FOXG1	RTAAACAW	2.28e-100	2.28e-100	2.00e-97	1	6900	6900	0	1.553e+08	1.00e0	2.28e-100	4.55e-100	1.00e0	2.28e-100	4.55e-100
499	JASPAR2024_CORE_vertebrates_non-redundant.meme	MA0468.1	DUX4	TAAYYYAATCA	3.80e-100	3.80e-100	3.34e-97	1	6900	6900	0	1.554e+08	1.00e0	3.80e-100	7.61e-100	1.00e0	3.80e-100	7.61e-100
500	JASPAR2024_CORE_vertebrates_non-redundant.meme	MA0462.3	BATF::JUN	TGACTCA	8.87e-100	8.87e-100	7.79e-97	1	6900	6900	0	1.554e+08	1.00e0	8.87e-100	1.77e-99	1.00e0	8.87e-100	1.77e-99
501	JASPAR2024_CORE_vertebrates_non-redundant.meme	MA0606.3	Nfat5	ATGGAAAA	1.82e-99	1.82e-99	1.60e-96	1	6900	6900	0	1.555e+08	1.00e0	1.82e-99	3.64e-99	1.00e0	1.82e-99	3.64e-99
502	JASPAR2024_CORE_vertebrates_non-redundant.meme	MA1518.3	Lhx1	GCTAATTAGC	2.54e-99	2.54e-99	2.23e-96	1	6900	6900	0	1.555e+08	1.00e0	2.54e-99	5.07e-99	1.00e0	2.54e-99	5.07e-99
503	JASPAR2024_CORE_vertebrates_non-redundant.meme	MA1125.2	ZNF384	AAAAAAAA	2.60e-99	2.60e-99	2.28e-96	1	6900	6900	0	1.555e+08	1.00e0	2.60e-99	5.20e-99	1.00e0	2.60e-99	5.20e-99
504	JASPAR2024_CORE_vertebrates_non-redundant.meme	MA1138.2	FOSL2::JUNB	RTGASTCAT	7.38e-99	7.38e-99	6.49e-96	1	6900	6900	0	1.555e+08	1.00e0	7.38e-99	1.48e-98	1.00e0	7.38e-99	1.48e-98
505	JASPAR2024_CORE_vertebrates_non-redundant.meme	MA0618.2	LBX1	TAATTAG	1.14e-98	1.14e-98	1.01e-95	1	6900	6900	0	1.556e+08	1.00e0	1.14e-98	2.29e-98	1.00e0	1.14e-98	2.29e-98
506	JASPAR2024_CORE_vertebrates_non-redundant.meme	MA0442.3	SOX10	ACAAAG	5.63e-98	5.63e-98	4.95e-95	1	6900	6900	0	1.557e+08	1.00e0	5.63e-98	1.13e-97	1.00e0	5.63e-98	1.13e-97
507	JASPAR2024_CORE_vertebrates_non-redundant.meme	MA0866.1	SOX21	AACAATKKYAGTGTT	4.42e-96	4.42e-96	3.88e-93	1	6900	6900	0	1.560e+08	1.00e0	4.42e-96	8.83e-96	1.00e0	4.42e-96	8.83e-96
508	JASPAR2024_CORE_vertebrates_non-redundant.meme	MA1988.2	Atf3	TGACTCA	8.94e-96	8.94e-96	7.86e-93	1	6900	6900	0	1.560e+08	1.00e0	8.94e-96	1.79e-95	1.00e0	8.94e-96	1.79e-95
509	JASPAR2024_CORE_vertebrates_non-redundant.meme	MA1519.2	LHX5	STAATTA	1.28e-95	1.28e-95	1.13e-92	1	6900	6900	0	1.560e+08	1.00e0	1.28e-95	2.57e-95	1.00e0	1.28e-95	2.57e-95
510	JASPAR2024_CORE_vertebrates_non-redundant.meme	MA0491.3	JUND	ATGACTCAT	1.39e-95	1.39e-95	1.22e-92	1	6900	6900	0	1.560e+08	1.00e0	1.39e-95	2.78e-95	1.00e0	1.39e-95	2.78e-95
511	JASPAR2024_CORE_vertebrates_non-redundant.meme	MA1683.2	FOXA3	GTAAACA	4.70e-95	4.70e-95	4.13e-92	1	6900	6900	0	1.561e+08	1.00e0	4.70e-95	9.41e-95	1.00e0	4.70e-95	9.41e-95
512	JASPAR2024_CORE_vertebrates_non-redundant.meme	MA1489.1	FOXN3	GTAAACAA	6.60e-95	6.60e-95	5.80e-92	1	6900	6900	0	1.561e+08	1.00e0	6.60e-95	1.32e-94	1.00e0	6.60e-95	1.32e-94
513	JASPAR2024_CORE_vertebrates_non-redundant.meme	MA1141.2	FOS::JUND	ATGAGTCAT	6.84e-95	6.84e-95	6.01e-92	1	6900	6900	0	1.561e+08	1.00e0	6.84e-95	1.37e-94	1.00e0	6.84e-95	1.37e-94
514	JASPAR2024_CORE_vertebrates_non-redundant.meme	MA1130.2	FOSL2::JUN	RTGAGTCAY	8.46e-95	8.46e-95	7.43e-92	1	6900	6900	0	1.562e+08	1.00e0	8.46e-95	1.69e-94	1.00e0	8.46e-95	1.69e-94
515	JASPAR2024_CORE_vertebrates_non-redundant.meme	MA2118.1	FOXS1	TGTAAACA	2.59e-93	2.59e-93	2.28e-90	1	6900	6900	0	1.564e+08	1.00e0	2.59e-93	5.18e-93	1.00e0	2.59e-93	5.18e-93
516	JASPAR2024_CORE_vertebrates_non-redundant.meme	MA1487.3	FOXE1	YTAAAYAAACAA	6.83e-93	6.83e-93	6.01e-90	1	6900	6900	0	1.564e+08	1.00e0	6.83e-93	1.37e-92	1.00e0	6.83e-93	1.37e-92
517	JASPAR2024_CORE_vertebrates_non-redundant.meme	MA1144.2	FOSL2::JUND	ATGACTCAT	2.51e-92	2.51e-92	2.21e-89	1	6900	6900	0	1.565e+08	1.00e0	2.51e-92	5.02e-92	1.00e0	2.51e-92	5.02e-92
518	JASPAR2024_CORE_vertebrates_non-redundant.meme	MA1707.2	DMRTA1	TTGWTACAWT	3.27e-92	3.27e-92	2.87e-89	1	6900	6900	0	1.566e+08	1.00e0	3.27e-92	6.54e-92	1.00e0	3.27e-92	6.54e-92
519	JASPAR2024_CORE_vertebrates_non-redundant.meme	MA1633.2	BACH1	ATGACTCAT	5.02e-92	5.02e-92	4.41e-89	1	6900	6900	0	1.566e+08	1.00e0	5.02e-92	1.00e-91	1.00e0	5.02e-92	1.00e-91
520	JASPAR2024_CORE_vertebrates_non-redundant.meme	MA2117.1	FOXP4	GTAAACA	3.21e-91	3.21e-91	2.82e-88	1	6900	6900	0	1.567e+08	1.00e0	3.21e-91	6.42e-91	1.00e0	3.21e-91	6.42e-91
521	JASPAR2024_CORE_vertebrates_non-redundant.meme	MA0838.1	CEBPG	ATTRCGCAAY	7.32e-91	7.32e-91	6.44e-88	1	6900	6900	0	1.568e+08	1.00e0	7.32e-91	1.46e-90	1.00e0	7.32e-91	1.46e-90
522	JASPAR2024_CORE_vertebrates_non-redundant.meme	MA0655.1	JDP2	ATGACTCAT	1.40e-90	1.40e-90	1.23e-87	1	6900	6900	0	1.568e+08	1.00e0	1.40e-90	2.81e-90	1.00e0	1.40e-90	2.81e-90
523	JASPAR2024_CORE_vertebrates_non-redundant.meme	MA0648.2	GSC	TAATCC	4.96e-90	4.96e-90	4.36e-87	1	6900	6900	0	1.569e+08	1.00e0	4.96e-90	9.93e-90	1.00e0	4.96e-90	9.93e-90
524	JASPAR2024_CORE_vertebrates_non-redundant.meme	MA0099.4	FOS::JUN	ATGAGTCAY	7.44e-90	7.44e-90	6.54e-87	1	6900	6900	0	1.569e+08	1.00e0	7.44e-90	1.49e-89	1.00e0	7.44e-90	1.49e-89
525	JASPAR2024_CORE_vertebrates_non-redundant.meme	MA0853.2	Alx4	CGCRYTAATTAR	1.64e-89	1.64e-89	1.44e-86	1	6900	6900	0	1.570e+08	1.00e0	1.64e-89	3.27e-89	1.00e0	1.64e-89	3.27e-89
526	JASPAR2024_CORE_vertebrates_non-redundant.meme	MA1128.2	FOSL1::JUN	ATGACTCAT	2.97e-89	2.97e-89	2.61e-86	1	6900	6900	0	1.570e+08	1.00e0	2.97e-89	5.94e-89	1.00e0	2.97e-89	5.94e-89
527	JASPAR2024_CORE_vertebrates_non-redundant.meme	MA0035.5	GATA1	CTAATCT	3.22e-88	3.22e-88	2.83e-85	1	6900	6900	0	1.572e+08	1.00e0	3.22e-88	6.45e-88	1.00e0	3.22e-88	6.45e-88
528	JASPAR2024_CORE_vertebrates_non-redundant.meme	MA0031.2	FOXD1	GTAAACA	5.15e-88	5.15e-88	4.52e-85	1	6900	6900	0	1.572e+08	1.00e0	5.15e-88	1.03e-87	1.00e0	5.15e-88	1.03e-87
529	JASPAR2024_CORE_vertebrates_non-redundant.meme	MA0705.2	Lhx8	TAATTA	5.96e-88	5.96e-88	5.24e-85	1	6900	6900	0	1.572e+08	1.00e0	5.96e-88	1.19e-87	1.00e0	5.96e-88	1.19e-87
530	JASPAR2024_CORE_vertebrates_non-redundant.meme	MA1124.1	ZNF24	CATTCATTCATTC	1.02e-86	1.02e-86	8.93e-84	1	6900	6900	0	1.574e+08	1.00e0	1.02e-86	2.03e-86	1.00e0	1.02e-86	2.03e-86
531	JASPAR2024_CORE_vertebrates_non-redundant.meme	MA1121.2	TEAD2	ACATTCC	1.72e-86	1.72e-86	1.51e-83	1	6900	6900	0	1.574e+08	1.00e0	1.72e-86	3.45e-86	1.00e0	1.72e-86	3.45e-86
532	JASPAR2024_CORE_vertebrates_non-redundant.meme	MA0837.3	CEBPE	ATTGCGCAAT	1.77e-86	1.77e-86	1.56e-83	1	6900	6900	0	1.574e+08	1.00e0	1.77e-86	3.54e-86	1.00e0	1.77e-86	3.54e-86
533	JASPAR2024_CORE_vertebrates_non-redundant.meme	MA1135.2	FOSB::JUNB	RTGASTCAT	2.22e-86	2.22e-86	1.95e-83	1	6900	6900	0	1.575e+08	1.00e0	2.22e-86	4.44e-86	1.00e0	2.22e-86	4.44e-86
534	JASPAR2024_CORE_vertebrates_non-redundant.meme	MA0477.3	FOSL1	ATGACTCAT	1.71e-85	1.71e-85	1.50e-82	1	6900	6900	0	1.576e+08	1.00e0	1.71e-85	3.42e-85	1.00e0	1.71e-85	3.42e-85
535	JASPAR2024_CORE_vertebrates_non-redundant.meme	MA0152.3	Nfatc2	AATGGAAA	1.77e-85	1.77e-85	1.56e-82	1	6900	6900	0	1.576e+08	1.00e0	1.77e-85	3.54e-85	1.00e0	1.77e-85	3.54e-85
536	JASPAR2024_CORE_vertebrates_non-redundant.meme	MA0157.4	Foxo3	GTAAACA	1.99e-85	1.99e-85	1.75e-82	1	6900	6900	0	1.576e+08	1.00e0	1.99e-85	3.99e-85	1.00e0	1.99e-85	3.99e-85
537	JASPAR2024_CORE_vertebrates_non-redundant.meme	MA0851.2	Foxj3	GTAAACAAA	1.46e-84	1.46e-84	1.29e-81	1	6900	6900	0	1.578e+08	1.00e0	1.46e-84	2.93e-84	1.00e0	1.46e-84	2.93e-84
538	JASPAR2024_CORE_vertebrates_non-redundant.meme	MA0639.2	DBP	RTTACGTAAY	2.35e-84	2.35e-84	2.06e-81	1	6900	6900	0	1.578e+08	1.00e0	2.35e-84	4.70e-84	1.00e0	2.35e-84	4.70e-84
539	JASPAR2024_CORE_vertebrates_non-redundant.meme	MA0877.4	BARHL1	CGTTTA	2.42e-84	2.42e-84	2.13e-81	1	6900	6900	0	1.578e+08	1.00e0	2.42e-84	4.84e-84	1.00e0	2.42e-84	4.84e-84
540	JASPAR2024_CORE_vertebrates_non-redundant.meme	MA0479.2	FOXH1	AATCCACA	5.88e-84	5.88e-84	5.17e-81	1	6900	6900	0	1.579e+08	1.00e0	5.88e-84	1.18e-83	1.00e0	5.88e-84	1.18e-83
541	JASPAR2024_CORE_vertebrates_non-redundant.meme	MA1928.2	BNC2	TGAGTCA	6.98e-84	6.98e-84	6.14e-81	1	6900	6900	0	1.579e+08	1.00e0	6.98e-84	1.40e-83	1.00e0	6.98e-84	1.40e-83
542	JASPAR2024_CORE_vertebrates_non-redundant.meme	MA0907.2	HOXC13	CTCGTAAAA	2.46e-83	2.46e-83	2.16e-80	1	6900	6900	0	1.580e+08	1.00e0	2.46e-83	4.92e-83	1.00e0	2.46e-83	4.92e-83
543	JASPAR2024_CORE_vertebrates_non-redundant.meme	MA0850.1	FOXP3	RTAAACA	4.93e-83	4.93e-83	4.33e-80	1	6900	6900	0	1.580e+08	1.00e0	4.93e-83	9.86e-83	1.00e0	4.93e-83	9.86e-83
544	JASPAR2024_CORE_vertebrates_non-redundant.meme	MA0158.2	HOXA5	GYMATTAS	5.83e-83	5.83e-83	5.13e-80	1	6900	6900	0	1.580e+08	1.00e0	5.83e-83	1.17e-82	1.00e0	5.83e-83	1.17e-82
545	JASPAR2024_CORE_vertebrates_non-redundant.meme	MA0676.1	Nr2e1	AAAAGTCAA	8.62e-83	8.62e-83	7.57e-80	1	6900	6900	0	1.580e+08	1.00e0	8.62e-83	1.72e-82	1.00e0	8.62e-83	1.72e-82
546	JASPAR2024_CORE_vertebrates_non-redundant.meme	MA0906.2	HOXC12	RGTCGTAAAA	1.21e-82	1.21e-82	1.06e-79	1	6900	6900	0	1.581e+08	1.00e0	1.21e-82	2.42e-82	1.00e0	1.21e-82	2.42e-82
547	JASPAR2024_CORE_vertebrates_non-redundant.meme	MA0594.3	HOXA9	RTCGTWA	1.61e-82	1.61e-82	1.41e-79	1	6900	6900	0	1.581e+08	1.00e0	1.61e-82	3.22e-82	1.00e0	1.61e-82	3.22e-82
548	JASPAR2024_CORE_vertebrates_non-redundant.meme	MA1134.2	FOS::JUNB	ATGASTCAT	3.08e-81	3.08e-81	2.71e-78	1	6900	6900	0	1.583e+08	1.00e0	3.08e-81	6.16e-81	1.00e0	3.08e-81	6.16e-81
549	JASPAR2024_CORE_vertebrates_non-redundant.meme	MA0678.1	OLIG2	AMCATATGKT	1.77e-80	1.77e-80	1.55e-77	1	6900	6900	0	1.584e+08	1.00e0	1.77e-80	3.53e-80	1.00e0	1.77e-80	3.53e-80
550	JASPAR2024_CORE_vertebrates_non-redundant.meme	MA0884.2	DUXA	YTRATTWAATYAR	3.71e-80	3.71e-80	3.26e-77	1	6900	6900	0	1.585e+08	1.00e0	3.71e-80	7.42e-80	1.00e0	3.71e-80	7.42e-80
551	JASPAR2024_CORE_vertebrates_non-redundant.meme	MA2095.1	Sox7	AGAACAATGG	9.58e-80	9.58e-80	8.42e-77	1	6900	6900	0	1.585e+08	1.00e0	9.58e-80	1.92e-79	1.00e0	9.58e-80	1.92e-79
552	JASPAR2024_CORE_vertebrates_non-redundant.meme	MA0848.1	FOXO4	GTAAACA	5.47e-79	5.47e-79	4.81e-76	1	6900	6900	0	1.587e+08	1.00e0	5.47e-79	1.09e-78	1.00e0	5.47e-79	1.09e-78
553	JASPAR2024_CORE_vertebrates_non-redundant.meme	MA0852.3	FOXK1	GTAAACA	8.93e-79	8.93e-79	7.85e-76	1	6900	6900	0	1.587e+08	1.00e0	8.93e-79	1.79e-78	1.00e0	8.93e-79	1.79e-78
554	JASPAR2024_CORE_vertebrates_non-redundant.meme	MA0489.3	Jun	TGACTCAT	1.48e-77	1.48e-77	1.30e-74	1	6900	6900	0	1.589e+08	1.00e0	1.48e-77	2.96e-77	1.00e0	1.48e-77	2.96e-77
555	JASPAR2024_CORE_vertebrates_non-redundant.meme	MA0480.3	Foxo1	GTAAACA	1.51e-77	1.51e-77	1.32e-74	1	6900	6900	0	1.589e+08	1.00e0	1.51e-77	3.01e-77	1.00e0	1.51e-77	3.01e-77
556	JASPAR2024_CORE_vertebrates_non-redundant.meme	MA0050.4	Irf1	TGAAACTGAAA	1.24e-74	1.24e-74	1.09e-71	1	6900	6900	0	1.594e+08	1.00e0	1.24e-74	2.49e-74	1.00e0	1.24e-74	2.49e-74
557	JASPAR2024_CORE_vertebrates_non-redundant.meme	MA2093.1	HOXB1	STAATTA	1.38e-74	1.38e-74	1.21e-71	1	6900	6900	0	1.594e+08	1.00e0	1.38e-74	2.76e-74	1.00e0	1.38e-74	2.76e-74
558	JASPAR2024_CORE_vertebrates_non-redundant.meme	MA0042.2	FOXI1	GTAAACA	2.98e-74	2.98e-74	2.62e-71	1	6900	6900	0	1.595e+08	1.00e0	2.98e-74	5.97e-74	1.00e0	2.98e-74	5.97e-74
559	JASPAR2024_CORE_vertebrates_non-redundant.meme	MA0870.1	Sox1	AACAATANCATTGTT	2.52e-73	2.52e-73	2.21e-70	1	6900	6900	0	1.596e+08	1.00e0	2.52e-73	5.03e-73	1.00e0	2.52e-73	5.03e-73
560	JASPAR2024_CORE_vertebrates_non-redundant.meme	MA0090.4	TEAD1	ACATTCCAG	7.23e-73	7.23e-73	6.36e-70	1	6900	6900	0	1.597e+08	1.00e0	7.23e-73	1.45e-72	1.00e0	7.23e-73	1.45e-72
561	JASPAR2024_CORE_vertebrates_non-redundant.meme	MA0867.3	SOX4	AACAAAGR	9.68e-72	9.68e-72	8.51e-69	1	6900	6900	0	1.599e+08	1.00e0	9.68e-72	1.94e-71	1.00e0	9.68e-72	1.94e-71
562	JASPAR2024_CORE_vertebrates_non-redundant.meme	MA0658.2	LHX6	CTAATTAR	1.18e-71	1.18e-71	1.04e-68	1	6900	6900	0	1.599e+08	1.00e0	1.18e-71	2.36e-71	1.00e0	1.18e-71	2.36e-71
563	JASPAR2024_CORE_vertebrates_non-redundant.meme	MA0520.2	Stat6	TTCCWSAGAA	1.57e-71	1.57e-71	1.38e-68	1	6900	6900	0	1.599e+08	1.00e0	1.57e-71	3.14e-71	1.00e0	1.57e-71	3.14e-71
564	JASPAR2024_CORE_vertebrates_non-redundant.meme	MA0808.1	TEAD3	RCATTCCW	1.90e-70	1.90e-70	1.67e-67	1	6900	6900	0	1.601e+08	1.00e0	1.90e-70	3.79e-70	1.00e0	1.90e-70	3.79e-70
565	JASPAR2024_CORE_vertebrates_non-redundant.meme	MA1970.2	TRPS1	TCTTATCT	4.17e-70	4.17e-70	3.67e-67	1	6900	6900	0	1.602e+08	1.00e0	4.17e-70	8.35e-70	1.00e0	4.17e-70	8.35e-70
566	JASPAR2024_CORE_vertebrates_non-redundant.meme	MA0523.2	TCF7L2	ASATCAAAG	7.12e-70	7.12e-70	6.26e-67	1	6900	6900	0	1.602e+08	1.00e0	7.12e-70	1.42e-69	1.00e0	7.12e-70	1.42e-69
567	JASPAR2024_CORE_vertebrates_non-redundant.meme	MA0122.4	Nkx3-2	AAMCACTTAA	1.44e-69	1.44e-69	1.26e-66	1	6900	6900	0	1.603e+08	1.00e0	1.44e-69	2.87e-69	1.00e0	1.44e-69	2.87e-69
568	JASPAR2024_CORE_vertebrates_non-redundant.meme	MA0033.2	FOXL1	RTAAACA	7.17e-69	7.17e-69	6.30e-66	1	6900	6900	0	1.604e+08	1.00e0	7.17e-69	1.43e-68	1.00e0	7.17e-69	1.43e-68
569	JASPAR2024_CORE_vertebrates_non-redundant.meme	MA1104.3	GATA6	TCTTATCT	1.33e-68	1.33e-68	1.17e-65	1	6900	6900	0	1.605e+08	1.00e0	1.33e-68	2.66e-68	1.00e0	1.33e-68	2.66e-68
570	JASPAR2024_CORE_vertebrates_non-redundant.meme	MA0593.2	FOXP2	WGTAAACAV	4.14e-67	4.14e-67	3.64e-64	1	6900	6900	0	1.607e+08	1.00e0	4.14e-67	8.28e-67	1.00e0	4.14e-67	8.28e-67
571	JASPAR2024_CORE_vertebrates_non-redundant.meme	MA0036.4	GATA2	CTTATCT	6.78e-67	6.78e-67	5.96e-64	1	6900	6900	0	1.608e+08	1.00e0	6.78e-67	1.36e-66	1.00e0	6.78e-67	1.36e-66
572	JASPAR2024_CORE_vertebrates_non-redundant.meme	MA0466.4	CEBPB	ATTGCGCAAT	1.62e-66	1.62e-66	1.43e-63	1	6900	6900	0	1.608e+08	1.00e0	1.62e-66	3.25e-66	1.00e0	1.62e-66	3.25e-66
573	JASPAR2024_CORE_vertebrates_non-redundant.meme	MA1112.3	NR4A1	AAAGGTCA	2.57e-65	2.57e-65	2.26e-62	1	6900	6900	0	1.611e+08	1.00e0	2.57e-65	5.13e-65	1.00e0	2.57e-65	5.13e-65
574	JASPAR2024_CORE_vertebrates_non-redundant.meme	MA0029.2	Mecom	AGAYAAGATAA	9.32e-65	9.32e-65	8.20e-62	1	6900	6900	0	1.612e+08	1.00e0	9.32e-65	1.86e-64	1.00e0	9.32e-65	1.86e-64
575	JASPAR2024_CORE_vertebrates_non-redundant.meme	MA0495.4	MAFF	GTCAGCATTTT	4.98e-64	4.98e-64	4.38e-61	1	6900	6900	0	1.613e+08	1.00e0	4.98e-64	9.97e-64	1.00e0	4.98e-64	9.97e-64
576	JASPAR2024_CORE_vertebrates_non-redundant.meme	MA1132.2	JUN::JUNB	ATGACKCA	2.71e-62	2.71e-62	2.39e-59	1	6900	6900	0	1.616e+08	1.00e0	2.71e-62	5.43e-62	1.00e0	2.71e-62	5.43e-62
577	JASPAR2024_CORE_vertebrates_non-redundant.meme	MA0849.1	FOXO6	GTAAACA	4.90e-61	4.90e-61	4.31e-58	1	6900	6900	0	1.618e+08	1.00e0	4.90e-61	9.81e-61	1.00e0	4.90e-61	9.81e-61
578	JASPAR2024_CORE_vertebrates_non-redundant.meme	MA0651.3	HOXC11	AGGTCGTAAAA	3.27e-60	3.27e-60	2.87e-57	1	6900	6900	0	1.620e+08	1.00e0	3.27e-60	6.54e-60	1.00e0	3.27e-60	6.54e-60
579	JASPAR2024_CORE_vertebrates_non-redundant.meme	MA1657.2	ZNF652	AAGRGTTAA	5.10e-60	5.10e-60	4.49e-57	1	6900	6900	0	1.620e+08	1.00e0	5.10e-60	1.02e-59	1.00e0	5.10e-60	1.02e-59
580	JASPAR2024_CORE_vertebrates_non-redundant.meme	MA0614.1	Foxj2	RTAAACAA	1.57e-59	1.57e-59	1.38e-56	1	6900	6900	0	1.621e+08	1.00e0	1.57e-59	3.14e-59	1.00e0	1.57e-59	3.14e-59
581	JASPAR2024_CORE_vertebrates_non-redundant.meme	MA0030.2	FOXF2	SGTAAACAA	9.20e-59	9.20e-59	8.08e-56	1	6900	6900	0	1.623e+08	1.00e0	9.20e-59	1.84e-58	1.00e0	9.20e-59	1.84e-58
582	JASPAR2024_CORE_vertebrates_non-redundant.meme	MA0515.1	Sox6	CCWTTGTYYY	1.20e-58	1.20e-58	1.06e-55	1	6900	6900	0	1.623e+08	1.00e0	1.20e-58	2.41e-58	1.00e0	1.20e-58	2.41e-58
583	JASPAR2024_CORE_vertebrates_non-redundant.meme	MA1623.2	Stat2	GAAACAGAAA	3.85e-57	3.85e-57	3.38e-54	1	6900	6900	0	1.626e+08	1.00e0	3.85e-57	7.70e-57	1.00e0	3.85e-57	7.70e-57
584	JASPAR2024_CORE_vertebrates_non-redundant.meme	MA1503.2	HOXB9	GTCGTAAAA	3.55e-55	3.55e-55	3.12e-52	1	6900	6900	0	1.630e+08	1.00e0	3.55e-55	7.10e-55	1.00e0	3.55e-55	7.10e-55
585	JASPAR2024_CORE_vertebrates_non-redundant.meme	MA0037.5	Gata3	TCTTATCT	3.81e-55	3.81e-55	3.35e-52	1	6900	6900	0	1.630e+08	1.00e0	3.81e-55	7.62e-55	1.00e0	3.81e-55	7.62e-55
586	JASPAR2024_CORE_vertebrates_non-redundant.meme	MA0817.2	BHLHE23	AACATATGBT	6.37e-54	6.37e-54	5.60e-51	1	6900	6900	0	1.632e+08	1.00e0	6.37e-54	1.27e-53	1.00e0	6.37e-54	1.27e-53
587	JASPAR2024_CORE_vertebrates_non-redundant.meme	MA0714.2	PITX3	TAATCC	7.57e-54	7.57e-54	6.65e-51	1	6900	6900	0	1.633e+08	1.00e0	7.57e-54	1.51e-53	1.00e0	7.57e-54	1.51e-53
588	JASPAR2024_CORE_vertebrates_non-redundant.meme	MA1580.1	ZBTB32	TGTACAGTAW	1.89e-53	1.89e-53	1.67e-50	1	6900	6900	0	1.633e+08	1.00e0	1.89e-53	3.79e-53	1.00e0	1.89e-53	3.79e-53
589	JASPAR2024_CORE_vertebrates_non-redundant.meme	MA0873.2	HOXD12	RGTCGTAAAA	4.57e-53	4.57e-53	4.02e-50	1	6900	6900	0	1.634e+08	1.00e0	4.57e-53	9.15e-53	1.00e0	4.57e-53	9.15e-53
590	JASPAR2024_CORE_vertebrates_non-redundant.meme	MA0756.3	ONECUT2	GATCRATA	3.78e-52	3.78e-52	3.32e-49	1	6900	6900	0	1.636e+08	1.00e0	3.78e-52	7.56e-52	1.00e0	3.78e-52	7.56e-52
591	JASPAR2024_CORE_vertebrates_non-redundant.meme	MA0038.3	GFI1	MAATCACDGCA	7.24e-52	7.24e-52	6.36e-49	1	6900	6900	0	1.637e+08	1.00e0	7.24e-52	1.45e-51	1.00e0	7.24e-52	1.45e-51
592	JASPAR2024_CORE_vertebrates_non-redundant.meme	MA0768.3	Lef1	CCTTTGAT	1.28e-51	1.28e-51	1.13e-48	1	6900	6900	0	1.637e+08	1.00e0	1.28e-51	2.57e-51	1.00e0	1.28e-51	2.57e-51
593	JASPAR2024_CORE_vertebrates_non-redundant.meme	MA0624.3	Nfatc1	TGGAAA	1.14e-48	1.14e-48	1.00e-45	1	6900	6900	0	1.643e+08	1.00e0	1.14e-48	2.28e-48	1.00e0	1.14e-48	2.28e-48
594	JASPAR2024_CORE_vertebrates_non-redundant.meme	MA0682.3	PITX1	TAATCC	5.82e-48	5.82e-48	5.11e-45	1	6900	6900	0	1.645e+08	1.00e0	5.82e-48	1.16e-47	1.00e0	5.82e-48	1.16e-47
595	JASPAR2024_CORE_vertebrates_non-redundant.meme	MA0072.2	RORA	WAWBTAGGTCA	1.58e-47	1.58e-47	1.39e-44	1	6900	6900	0	1.646e+08	1.00e0	1.58e-47	3.17e-47	1.00e0	1.58e-47	3.17e-47
596	JASPAR2024_CORE_vertebrates_non-redundant.meme	MA1709.2	ZIM3	MAACAGAAACC	1.91e-47	1.91e-47	1.68e-44	1	6900	6900	0	1.646e+08	1.00e0	1.91e-47	3.82e-47	1.00e0	1.91e-47	3.82e-47
597	JASPAR2024_CORE_vertebrates_non-redundant.meme	MA0711.2	OTX1	TAATCC	7.14e-47	7.14e-47	6.28e-44	1	6900	6900	0	1.647e+08	1.00e0	7.14e-47	1.43e-46	1.00e0	7.14e-47	1.43e-46
598	JASPAR2024_CORE_vertebrates_non-redundant.meme	MA0827.1	OLIG3	AMCATATGBY	1.71e-45	1.71e-45	1.51e-42	1	6900	6900	0	1.650e+08	1.00e0	1.71e-45	3.43e-45	1.00e0	1.71e-45	3.43e-45
599	JASPAR2024_CORE_vertebrates_non-redundant.meme	MA0712.3	OTX2	RGGATTA	2.23e-45	2.23e-45	1.96e-42	1	6900	6900	0	1.650e+08	1.00e0	2.23e-45	4.46e-45	1.00e0	2.23e-45	4.46e-45
600	JASPAR2024_CORE_vertebrates_non-redundant.meme	MA0840.2	Creb5	ATGACGTCAY	5.41e-45	5.41e-45	4.75e-42	1	6900	6900	0	1.651e+08	1.00e0	5.41e-45	1.08e-44	1.00e0	5.41e-45	1.08e-44
601	JASPAR2024_CORE_vertebrates_non-redundant.meme	MA0772.2	IRF7	CGAAARYGAAAVT	1.68e-44	1.68e-44	1.48e-41	1	6900	6900	0	1.652e+08	1.00e0	1.68e-44	3.36e-44	1.00e0	1.68e-44	3.36e-44
602	JASPAR2024_CORE_vertebrates_non-redundant.meme	MA0089.3	MAFG::NFE2L1	ATGACTCAGCA	1.13e-42	1.13e-42	9.97e-40	1	6900	6900	0	1.657e+08	1.00e0	1.13e-42	2.27e-42	1.00e0	1.13e-42	2.27e-42
603	JASPAR2024_CORE_vertebrates_non-redundant.meme	MA1506.2	HOXD10	RGTCGTAAAA	2.11e-42	2.11e-42	1.86e-39	1	6900	6900	0	1.657e+08	1.00e0	2.11e-42	4.22e-42	1.00e0	2.11e-42	4.22e-42
604	JASPAR2024_CORE_vertebrates_non-redundant.meme	MA1150.2	RORB	AWWTRGGTCA	2.70e-42	2.70e-42	2.37e-39	1	6900	6900	0	1.657e+08	1.00e0	2.70e-42	5.40e-42	1.00e0	2.70e-42	5.40e-42
605	JASPAR2024_CORE_vertebrates_non-redundant.meme	MA1991.2	Hnf1A	CCTTTGATST	2.75e-42	2.75e-42	2.42e-39	1	6900	6900	0	1.657e+08	1.00e0	2.75e-42	5.51e-42	1.00e0	2.75e-42	5.51e-42
606	JASPAR2024_CORE_vertebrates_non-redundant.meme	MA2339.1	Nanog	GCAATCA	3.19e-42	3.19e-42	2.81e-39	1	6900	6900	0	1.658e+08	1.00e0	3.19e-42	6.38e-42	1.00e0	3.19e-42	6.38e-42
607	JASPAR2024_CORE_vertebrates_non-redundant.meme	MA0070.2	PBX1	ATCAATCAA	4.21e-42	4.21e-42	3.70e-39	1	6900	6900	0	1.658e+08	1.00e0	4.21e-42	8.42e-42	1.00e0	4.21e-42	8.42e-42
608	JASPAR2024_CORE_vertebrates_non-redundant.meme	MA0018.5	CREB1	TGATGTCA	1.38e-41	1.38e-41	1.21e-38	1	6900	6900	0	1.659e+08	1.00e0	1.38e-41	2.76e-41	1.00e0	1.38e-41	2.76e-41
609	JASPAR2024_CORE_vertebrates_non-redundant.meme	MA0160.3	NR4A2	AAAGGTCA	2.10e-41	2.10e-41	1.85e-38	1	6900	6900	0	1.660e+08	1.00e0	2.10e-41	4.21e-41	1.00e0	2.10e-41	4.21e-41
610	JASPAR2024_CORE_vertebrates_non-redundant.meme	MA1478.2	DMRTA2	GHTACA	3.15e-41	3.15e-41	2.77e-38	1	6900	6900	0	1.660e+08	1.00e0	3.15e-41	6.29e-41	1.00e0	3.15e-41	6.29e-41
611	JASPAR2024_CORE_vertebrates_non-redundant.meme	MA0095.4	Yy1	CAAAATGG	3.32e-41	3.32e-41	2.92e-38	1	6900	6900	0	1.660e+08	1.00e0	3.32e-41	6.64e-41	1.00e0	3.32e-41	6.64e-41
612	JASPAR2024_CORE_vertebrates_non-redundant.meme	MA0752.2	ZNF410	MCATCCCATAATAHTC	5.71e-41	5.71e-41	5.02e-38	1	6900	6900	0	1.661e+08	1.00e0	5.71e-41	1.14e-40	1.00e0	5.71e-41	1.14e-40
613	JASPAR2024_CORE_vertebrates_non-redundant.meme	MA0485.3	HOXC9	GTCGTAAAA	6.48e-40	6.48e-40	5.70e-37	1	6900	6900	0	1.663e+08	1.00e0	6.48e-40	1.30e-39	1.00e0	6.48e-40	1.30e-39
614	JASPAR2024_CORE_vertebrates_non-redundant.meme	MA0629.2	Rhox11	CGCTGTWAW	4.86e-39	4.86e-39	4.27e-36	1	6900	6900	0	1.665e+08	1.00e0	4.86e-39	9.72e-39	1.00e0	4.86e-39	9.72e-39
615	JASPAR2024_CORE_vertebrates_non-redundant.meme	MA0693.4	Vdr	GAGTTCA	1.14e-38	1.14e-38	9.99e-36	1	6900	6900	0	1.666e+08	1.00e0	1.14e-38	2.27e-38	1.00e0	1.14e-38	2.27e-38
616	JASPAR2024_CORE_vertebrates_non-redundant.meme	MA0461.3	Atoh1	RMCATATG	3.30e-38	3.30e-38	2.90e-35	1	6900	6900	0	1.667e+08	1.00e0	3.30e-38	6.60e-38	1.00e0	3.30e-38	6.60e-38
617	JASPAR2024_CORE_vertebrates_non-redundant.meme	MA0488.2	JUN	ATGATGTCAT	4.71e-38	4.71e-38	4.14e-35	1	6900	6900	0	1.667e+08	1.00e0	4.71e-38	9.42e-38	1.00e0	4.71e-38	9.42e-38
618	JASPAR2024_CORE_vertebrates_non-redundant.meme	MA0826.1	OLIG1	AMCATATGKT	1.31e-36	1.31e-36	1.15e-33	1	6900	6900	0	1.671e+08	1.00e0	1.31e-36	2.62e-36	1.00e0	1.31e-36	2.62e-36
619	JASPAR2024_CORE_vertebrates_non-redundant.meme	MA0467.3	Crx	GGATTA	2.17e-36	2.17e-36	1.91e-33	1	6900	6900	0	1.672e+08	1.00e0	2.17e-36	4.34e-36	1.00e0	2.17e-36	4.34e-36
620	JASPAR2024_CORE_vertebrates_non-redundant.meme	MA0478.2	FOSL2	RRTGASTCAB	3.40e-36	3.40e-36	2.99e-33	1	6900	6900	0	1.672e+08	1.00e0	3.40e-36	6.80e-36	1.00e0	3.40e-36	6.80e-36
621	JASPAR2024_CORE_vertebrates_non-redundant.meme	MA0869.3	Sox11	GAACAAAG	6.18e-36	6.18e-36	5.44e-33	1	6900	6900	0	1.673e+08	1.00e0	6.18e-36	1.24e-35	1.00e0	6.18e-36	1.24e-35
622	JASPAR2024_CORE_vertebrates_non-redundant.meme	MA0610.2	DMRT3	TGTATCA	5.50e-35	5.50e-35	4.84e-32	1	6900	6900	0	1.675e+08	1.00e0	5.50e-35	1.10e-34	1.00e0	5.50e-35	1.10e-34
623	JASPAR2024_CORE_vertebrates_non-redundant.meme	MA2327.1	PGR	ACANNNTGT	7.75e-35	7.75e-35	6.81e-32	1	6900	6900	0	1.675e+08	1.00e0	7.75e-35	1.55e-34	1.00e0	7.75e-35	1.55e-34
624	JASPAR2024_CORE_vertebrates_non-redundant.meme	MA0083.3	SRF	TGMCCATATATGGKCA	1.18e-34	1.18e-34	1.03e-31	1	6900	6900	0	1.676e+08	1.00e0	1.18e-34	2.35e-34	1.00e0	1.18e-34	2.35e-34
625	JASPAR2024_CORE_vertebrates_non-redundant.meme	MA1989.2	Bcl11B	AAACCACAA	2.77e-34	2.77e-34	2.43e-31	1	6900	6900	0	1.677e+08	1.00e0	2.77e-34	5.53e-34	1.00e0	2.77e-34	5.53e-34
626	JASPAR2024_CORE_vertebrates_non-redundant.meme	MA0653.1	IRF9	AACGAAACCGAAACT	8.68e-34	8.68e-34	7.63e-31	1	6900	6900	0	1.678e+08	1.00e0	8.68e-34	1.74e-33	1.00e0	8.68e-34	1.74e-33
627	JASPAR2024_CORE_vertebrates_non-redundant.meme	MA0140.3	GATA1::TAL1	TTATCWSNNNNNHVCAG	1.41e-33	1.41e-33	1.24e-30	1	6900	6900	0	1.679e+08	1.00e0	1.41e-33	2.81e-33	1.00e0	1.41e-33	2.81e-33
628	JASPAR2024_CORE_vertebrates_non-redundant.meme	MA0501.2	MAF::NFE2	ATGACTCAGCA	2.21e-33	2.21e-33	1.94e-30	1	6900	6900	0	1.679e+08	1.00e0	2.21e-33	4.41e-33	1.00e0	2.21e-33	4.41e-33
629	JASPAR2024_CORE_vertebrates_non-redundant.meme	MA1480.2	DPRX	AGATAATCC	2.64e-33	2.64e-33	2.32e-30	1	6900	6900	0	1.679e+08	1.00e0	2.64e-33	5.28e-33	1.00e0	2.64e-33	5.28e-33
630	JASPAR2024_CORE_vertebrates_non-redundant.meme	MA0063.3	NKX2-5	CACTCAA	1.14e-32	1.14e-32	1.00e-29	1	6900	6900	0	1.681e+08	1.00e0	1.14e-32	2.29e-32	1.00e0	1.14e-32	2.29e-32
631	JASPAR2024_CORE_vertebrates_non-redundant.meme	MA2101.1	ZNF677	RATAAGAACAGC	1.20e-32	1.20e-32	1.06e-29	1	6900	6900	0	1.681e+08	1.00e0	1.20e-32	2.41e-32	1.00e0	1.20e-32	2.41e-32
632	JASPAR2024_CORE_vertebrates_non-redundant.meme	MA1534.2	NR1I3	TGAACTTT	1.59e-32	1.59e-32	1.40e-29	1	6900	6900	0	1.681e+08	1.00e0	1.59e-32	3.18e-32	1.00e0	1.59e-32	3.18e-32
633	JASPAR2024_CORE_vertebrates_non-redundant.meme	MA0841.2	NFE2	ATGACTCATS	2.03e-32	2.03e-32	1.79e-29	1	6900	6900	0	1.682e+08	1.00e0	2.03e-32	4.06e-32	1.00e0	2.03e-32	4.06e-32
634	JASPAR2024_CORE_vertebrates_non-redundant.meme	MA1632.2	ATF2	ATGABGTCAT	3.67e-32	3.67e-32	3.23e-29	1	6900	6900	0	1.682e+08	1.00e0	3.67e-32	7.35e-32	1.00e0	3.67e-32	7.35e-32
635	JASPAR2024_CORE_vertebrates_non-redundant.meme	MA1588.1	ZNF136	RWATTCTTGGTTGRC	1.66e-31	1.66e-31	1.46e-28	1	6900	6900	0	1.684e+08	1.00e0	1.66e-31	3.32e-31	1.00e0	1.66e-31	3.32e-31
636	JASPAR2024_CORE_vertebrates_non-redundant.meme	MA1960.2	MGA::EVX1	RGGTGWTAATK	1.37e-30	1.37e-30	1.20e-27	1	6900	6900	0	1.687e+08	1.00e0	1.37e-30	2.74e-30	1.00e0	1.37e-30	2.74e-30
637	JASPAR2024_CORE_vertebrates_non-redundant.meme	MA0766.3	GATA5	WGATAASR	5.41e-30	5.41e-30	4.76e-27	1	6900	6900	0	1.688e+08	1.00e0	5.41e-30	1.08e-29	1.00e0	5.41e-30	1.08e-29
638	JASPAR2024_CORE_vertebrates_non-redundant.meme	MA1139.2	FOSL2::JUNB	ATGACGTCAT	2.53e-29	2.53e-29	2.22e-26	1	6900	6900	0	1.690e+08	1.00e0	2.53e-29	5.06e-29	1.00e0	2.53e-29	5.06e-29
639	JASPAR2024_CORE_vertebrates_non-redundant.meme	MA1561.2	SOX12	ACCGAACAAT	4.19e-29	4.19e-29	3.68e-26	1	6900	6900	0	1.691e+08	1.00e0	4.19e-29	8.38e-29	1.00e0	4.19e-29	8.38e-29
640	JASPAR2024_CORE_vertebrates_non-redundant.meme	MA1421.1	TCF7L1	AAAGATCAAAGG	1.05e-28	1.05e-28	9.24e-26	1	6900	6900	0	1.692e+08	1.00e0	1.05e-28	2.10e-28	1.00e0	1.05e-28	2.10e-28
641	JASPAR2024_CORE_vertebrates_non-redundant.meme	MA2098.1	ZNF766	AAKAAACCT	1.32e-28	1.32e-28	1.16e-25	1	6900	6900	0	1.692e+08	1.00e0	1.32e-28	2.64e-28	1.00e0	1.32e-28	2.64e-28
642	JASPAR2024_CORE_vertebrates_non-redundant.meme	MA2323.1	Pgr	AAGAACAAANTGTTCTT	2.90e-28	2.90e-28	2.55e-25	1	6900	6900	0	1.693e+08	1.00e0	2.90e-28	5.81e-28	1.00e0	2.90e-28	5.81e-28
643	JASPAR2024_CORE_vertebrates_non-redundant.meme	MA0605.3	ATF3	RTGACGTCAY	1.69e-27	1.69e-27	1.49e-24	1	6900	6900	0	1.695e+08	1.00e0	1.69e-27	3.38e-27	1.00e0	1.69e-27	3.38e-27
644	JASPAR2024_CORE_vertebrates_non-redundant.meme	MA1729.2	ZNF680	CCAAGAAGAAT	5.61e-27	5.61e-27	4.93e-24	1	6900	6900	0	1.697e+08	1.00e0	5.61e-27	1.12e-26	1.00e0	5.61e-27	1.12e-26
645	JASPAR2024_CORE_vertebrates_non-redundant.meme	MA1145.2	FOSL2::JUND	RTGACGTCAY	1.76e-26	1.76e-26	1.55e-23	1	6900	6900	0	1.698e+08	1.00e0	1.76e-26	3.53e-26	1.00e0	1.76e-26	3.53e-26
646	JASPAR2024_CORE_vertebrates_non-redundant.meme	MA0150.3	Nfe2l2	ATGACTCAGCA	9.42e-26	9.42e-26	8.28e-23	1	6900	6900	0	1.700e+08	1.00e0	9.42e-26	1.88e-25	1.00e0	9.42e-26	1.88e-25
647	JASPAR2024_CORE_vertebrates_non-redundant.meme	MA1127.1	FOSB::JUN	GATGACGTCAT	2.48e-24	2.48e-24	2.18e-21	1	6900	6900	0	1.705e+08	1.00e0	2.48e-24	4.96e-24	1.00e0	2.48e-24	4.96e-24
648	JASPAR2024_CORE_vertebrates_non-redundant.meme	MA1143.2	FOSL1::JUND	RTGACGTMA	3.20e-24	3.20e-24	2.82e-21	1	6900	6900	0	1.705e+08	1.00e0	3.20e-24	6.41e-24	1.00e0	3.20e-24	6.41e-24
649	JASPAR2024_CORE_vertebrates_non-redundant.meme	MA1108.3	MXI1	CACATG	6.41e-24	6.41e-24	5.64e-21	1	6900	6900	0	1.706e+08	1.00e0	6.41e-24	1.28e-23	1.00e0	6.41e-24	1.28e-23
650	JASPAR2024_CORE_vertebrates_non-redundant.meme	MA0656.2	JDP2	ATGACGTCAY	7.89e-24	7.89e-24	6.94e-21	1	6900	6900	0	1.706e+08	1.00e0	7.89e-24	1.58e-23	1.00e0	7.89e-24	1.58e-23
651	JASPAR2024_CORE_vertebrates_non-redundant.meme	MA0164.2	Nr2e3	AAGCTT	2.08e-23	2.08e-23	1.83e-20	1	6900	6900	0	1.707e+08	1.00e0	2.08e-23	4.17e-23	1.00e0	2.08e-23	4.17e-23
652	JASPAR2024_CORE_vertebrates_non-redundant.meme	MA1131.2	FOSL2::JUN	RTGACGTMAT	2.17e-23	2.17e-23	1.91e-20	1	6900	6900	0	1.708e+08	1.00e0	2.17e-23	4.35e-23	1.00e0	2.17e-23	4.35e-23
653	JASPAR2024_CORE_vertebrates_non-redundant.meme	MA0482.3	GATA4	CCTTATCT	2.25e-23	2.25e-23	1.98e-20	1	6900	6900	0	1.708e+08	1.00e0	2.25e-23	4.50e-23	1.00e0	2.25e-23	4.50e-23
654	JASPAR2024_CORE_vertebrates_non-redundant.meme	MA0492.2	JUND	RATGABGTCAT	4.80e-23	4.80e-23	4.22e-20	1	6900	6900	0	1.709e+08	1.00e0	4.80e-23	9.60e-23	1.00e0	4.80e-23	9.60e-23
655	JASPAR2024_CORE_vertebrates_non-redundant.meme	MA0842.3	NRL	AWWNTGCTGACG	5.10e-23	5.10e-23	4.48e-20	1	6900	6900	0	1.709e+08	1.00e0	5.10e-23	1.02e-22	1.00e0	5.10e-23	1.02e-22
656	JASPAR2024_CORE_vertebrates_non-redundant.meme	MA1129.1	FOSL1::JUN	ATGACGTCAT	5.77e-23	5.77e-23	5.07e-20	1	6900	6900	0	1.709e+08	1.00e0	5.77e-23	1.15e-22	1.00e0	5.77e-23	1.15e-22
657	JASPAR2024_CORE_vertebrates_non-redundant.meme	MA1119.2	SIX2	TGAAACCTGAT	7.13e-23	7.13e-23	6.27e-20	1	6900	6900	0	1.709e+08	1.00e0	7.13e-23	1.43e-22	1.00e0	7.13e-23	1.43e-22
658	JASPAR2024_CORE_vertebrates_non-redundant.meme	MA0117.3	Mafb	AWWNTGCTGAC	1.54e-22	1.54e-22	1.36e-19	1	6900	6900	0	1.710e+08	1.00e0	1.54e-22	3.09e-22	1.00e0	1.54e-22	3.09e-22
659	JASPAR2024_CORE_vertebrates_non-redundant.meme	MA0115.1	NR1H2::RXRA	AAAGGTCAAAGGTCAAC	3.33e-21	3.33e-21	2.93e-18	1	6900	6900	0	1.715e+08	1.00e0	3.33e-21	6.67e-21	1.00e0	3.33e-21	6.67e-21
660	JASPAR2024_CORE_vertebrates_non-redundant.meme	MA1956.2	FOXO1::FLI1	GTAAACAGGAAGT	8.50e-21	8.50e-21	7.47e-18	1	6900	6900	0	1.716e+08	1.00e0	8.50e-21	1.70e-20	1.00e0	8.50e-21	1.70e-20
661	JASPAR2024_CORE_vertebrates_non-redundant.meme	MA1994.2	Nkx2-1	CACTTGA	1.28e-20	1.28e-20	1.13e-17	1	6900	6900	0	1.717e+08	1.00e0	1.28e-20	2.57e-20	1.00e0	1.28e-20	2.57e-20
662	JASPAR2024_CORE_vertebrates_non-redundant.meme	MA1151.2	RORC	AWNTRGGTCA	1.95e-20	1.95e-20	1.72e-17	1	6900	6900	0	1.717e+08	1.00e0	1.95e-20	3.90e-20	1.00e0	1.95e-20	3.90e-20
663	JASPAR2024_CORE_vertebrates_non-redundant.meme	MA0652.2	IRF8	CGAAACCGAAACT	3.34e-20	3.34e-20	2.94e-17	1	6900	6900	0	1.718e+08	1.00e0	3.34e-20	6.69e-20	1.00e0	3.34e-20	6.69e-20
664	JASPAR2024_CORE_vertebrates_non-redundant.meme	MA1524.3	Msgn1	RACAAATGGT	5.16e-20	5.16e-20	4.53e-17	1	6900	6900	0	1.719e+08	1.00e0	5.16e-20	1.03e-19	1.00e0	5.16e-20	1.03e-19
665	JASPAR2024_CORE_vertebrates_non-redundant.meme	MA0631.2	Six3	ATRGGGTATCA	8.55e-20	8.55e-20	7.51e-17	1	6900	6900	0	1.719e+08	1.00e0	8.55e-20	1.71e-19	1.00e0	8.55e-20	1.71e-19
666	JASPAR2024_CORE_vertebrates_non-redundant.meme	MA0518.2	Stat4	TTCYRGGAAR	8.62e-20	8.62e-20	7.58e-17	1	6900	6900	0	1.719e+08	1.00e0	8.62e-20	1.72e-19	1.00e0	8.62e-20	1.72e-19
667	JASPAR2024_CORE_vertebrates_non-redundant.meme	MA0883.2	Dmbx1	RWNMGGATTA	3.00e-19	3.00e-19	2.64e-16	1	6900	6900	0	1.721e+08	1.00e0	3.00e-19	6.00e-19	1.00e0	3.00e-19	6.00e-19
668	JASPAR2024_CORE_vertebrates_non-redundant.meme	MA1101.3	BACH2	CATGASTCATS	6.71e-19	6.71e-19	5.90e-16	1	6900	6900	0	1.722e+08	1.00e0	6.71e-19	1.34e-18	1.00e0	6.71e-19	1.34e-18
669	JASPAR2024_CORE_vertebrates_non-redundant.meme	MA1958.2	HOXD12::ELK1	CGGAAGTCGTAAA	9.85e-19	9.85e-19	8.66e-16	1	6900	6900	0	1.723e+08	1.00e0	9.85e-19	1.97e-18	1.00e0	9.85e-19	1.97e-18
670	JASPAR2024_CORE_vertebrates_non-redundant.meme	MA1419.2	IRF4	CGAAACCGAAACYA	1.90e-17	1.90e-17	1.67e-14	1	6900	6900	0	1.728e+08	1.00e0	1.90e-17	3.79e-17	1.00e0	1.90e-17	3.79e-17
671	JASPAR2024_CORE_vertebrates_non-redundant.meme	MA0144.3	STAT3	TTCYKGGAA	3.13e-17	3.13e-17	2.76e-14	1	6900	6900	0	1.728e+08	1.00e0	3.13e-17	6.27e-17	1.00e0	3.13e-17	6.27e-17
672	JASPAR2024_CORE_vertebrates_non-redundant.meme	MA0517.2	STAT1::STAT2	AGTTTCRKTTTCY	3.31e-17	3.31e-17	2.91e-14	1	6900	6900	0	1.729e+08	1.00e0	3.31e-17	6.62e-17	1.00e0	3.31e-17	6.62e-17
673	JASPAR2024_CORE_vertebrates_non-redundant.meme	MA0498.3	MEIS1	TGACA	1.02e-16	1.02e-16	9.01e-14	1	6900	6900	0	1.730e+08	1.00e0	1.02e-16	2.05e-16	1.00e0	1.02e-16	2.05e-16
674	JASPAR2024_CORE_vertebrates_non-redundant.meme	MA2331.1	ZNF157	AGGCCAGCAATAYACYTTYAC	2.81e-16	2.81e-16	2.47e-13	1	6900	6900	0	1.732e+08	1.00e0	2.81e-16	5.62e-16	1.00e0	2.81e-16	5.62e-16
675	JASPAR2024_CORE_vertebrates_non-redundant.meme	MA0483.2	Gfi1B	AAATCWCWGC	8.81e-16	8.81e-16	7.75e-13	1	6900	6900	0	1.734e+08	1.00e0	8.81e-16	1.76e-15	1.00e0	8.81e-16	1.76e-15
676	JASPAR2024_CORE_vertebrates_non-redundant.meme	MA1525.3	NFATC4	AYGGAAAMW	8.82e-16	8.82e-16	7.75e-13	1	6900	6900	0	1.734e+08	1.00e0	8.82e-16	1.76e-15	1.00e0	8.82e-16	1.76e-15
677	JASPAR2024_CORE_vertebrates_non-redundant.meme	MA0019.2	Ddit3::Cebpa	RTGCAATMCC	9.20e-16	9.20e-16	8.09e-13	1	6900	6900	0	1.734e+08	1.00e0	9.20e-16	1.84e-15	1.00e0	9.20e-16	1.84e-15
678	JASPAR2024_CORE_vertebrates_non-redundant.meme	MA1418.2	IRF3	RRAAMGGAAACCGAAAC	9.68e-16	9.68e-16	8.51e-13	1	6900	6900	0	1.734e+08	1.00e0	9.68e-16	1.94e-15	1.00e0	9.68e-16	1.94e-15
679	JASPAR2024_CORE_vertebrates_non-redundant.meme	MA0051.2	IRF2	SGAAAGYGAAASCRWW	1.31e-15	1.31e-15	1.15e-12	1	6900	6900	0	1.735e+08	1.00e0	1.31e-15	2.61e-15	1.00e0	1.31e-15	2.61e-15
680	JASPAR2024_CORE_vertebrates_non-redundant.meme	MA1136.1	FOSB::JUNB	RTGACGTCAT	2.08e-15	2.08e-15	1.82e-12	1	6900	6900	0	1.735e+08	1.00e0	2.08e-15	4.15e-15	1.00e0	2.08e-15	4.15e-15
681	JASPAR2024_CORE_vertebrates_non-redundant.meme	MA2334.1	ZNF547	TGCTAATGCARCA	1.15e-14	1.15e-14	1.01e-11	1	6900	6900	0	1.738e+08	1.00e0	1.15e-14	2.31e-14	1.00e0	1.15e-14	2.31e-14
682	JASPAR2024_CORE_vertebrates_non-redundant.meme	MA0834.2	ATF7	ATGACGTCAT	2.27e-14	2.27e-14	2.00e-11	1	6900	6900	0	1.740e+08	1.00e0	2.27e-14	4.54e-14	1.00e0	2.27e-14	4.54e-14
683	JASPAR2024_CORE_vertebrates_non-redundant.meme	MA0069.1	PAX6	TTCACGCWTSANTK	5.46e-13	5.46e-13	4.80e-10	1	6900	6900	0	1.745e+08	1.00e0	5.46e-13	1.09e-12	1.00e0	5.46e-13	1.09e-12
684	JASPAR2024_CORE_vertebrates_non-redundant.meme	MA1720.2	ZNF85	GAGATTACWKCA	6.91e-13	6.91e-13	6.07e-10	1	6900	6900	0	1.746e+08	1.00e0	6.91e-13	1.38e-12	1.00e0	6.91e-13	1.38e-12
685	JASPAR2024_CORE_vertebrates_non-redundant.meme	MA1126.2	FOS::JUN	RTGACGTCAT	1.04e-12	1.04e-12	9.17e-10	1	6900	6900	0	1.747e+08	1.00e0	1.04e-12	2.09e-12	1.00e0	1.04e-12	2.09e-12
686	JASPAR2024_CORE_vertebrates_non-redundant.meme	MA1111.2	NR2F2	AAGGTCA	4.15e-12	4.15e-12	3.64e-9	1	6900	6900	0	1.749e+08	1.00e0	4.15e-12	8.29e-12	1.00e0	4.15e-12	8.29e-12
687	JASPAR2024_CORE_vertebrates_non-redundant.meme	MA0623.2	NEUROG1	RACATATGTY	1.03e-11	1.03e-11	9.02e-9	1	6900	6900	0	1.751e+08	1.00e0	1.03e-11	2.05e-11	1.00e0	1.03e-11	2.05e-11
688	JASPAR2024_CORE_vertebrates_non-redundant.meme	MA2336.1	ZSCAN21	AAGCACT	1.29e-11	1.29e-11	1.13e-8	1	6900	6900	0	1.751e+08	1.00e0	1.29e-11	2.58e-11	1.00e0	1.29e-11	2.58e-11
689	JASPAR2024_CORE_vertebrates_non-redundant.meme	MA0486.2	HSF1	TTCTAGAAYRTTC	1.54e-11	1.54e-11	1.35e-8	1	6900	6900	0	1.752e+08	1.00e0	1.54e-11	3.08e-11	1.00e0	1.54e-11	3.08e-11
690	JASPAR2024_CORE_vertebrates_non-redundant.meme	MA2001.2	Six4	AACCTGA	1.84e-11	1.84e-11	1.62e-8	1	6900	6900	0	1.752e+08	1.00e0	1.84e-11	3.69e-11	1.00e0	1.84e-11	3.69e-11
691	JASPAR2024_CORE_vertebrates_non-redundant.meme	MA1644.2	NFYC	CCAATCA	3.68e-11	3.68e-11	3.24e-8	1	6900	6900	0	1.754e+08	1.00e0	3.68e-11	7.37e-11	1.00e0	3.68e-11	7.37e-11
692	JASPAR2024_CORE_vertebrates_non-redundant.meme	MA1470.2	BACH2	AAANSATGACGTCATSNTT	4.91e-11	4.91e-11	4.32e-8	1	6900	6900	0	1.754e+08	1.00e0	4.91e-11	9.82e-11	1.00e0	4.91e-11	9.82e-11
693	JASPAR2024_CORE_vertebrates_non-redundant.meme	MA1547.2	PITX2	YTAATCCY	1.26e-10	1.26e-10	1.11e-7	1	6900	6900	0	1.756e+08	1.00e0	1.26e-10	2.52e-10	1.00e0	1.26e-10	2.52e-10
694	JASPAR2024_CORE_vertebrates_non-redundant.meme	MA0124.3	Nkx3-1	CCACTTA	1.70e-10	1.70e-10	1.50e-7	1	6900	6900	0	1.757e+08	1.00e0	1.70e-10	3.41e-10	1.00e0	1.70e-10	3.41e-10
695	JASPAR2024_CORE_vertebrates_non-redundant.meme	MA1118.2	SIX1	GWAACCTGA	2.35e-10	2.35e-10	2.07e-7	1	6900	6900	0	1.757e+08	1.00e0	2.35e-10	4.71e-10	1.00e0	2.35e-10	4.71e-10
696	JASPAR2024_CORE_vertebrates_non-redundant.meme	MA1975.2	ZNF214	TCATCAABGTCCT	5.84e-10	5.84e-10	5.13e-7	1	6900	6900	0	1.759e+08	1.00e0	5.84e-10	1.17e-9	1.00e0	5.84e-10	1.17e-9
697	JASPAR2024_CORE_vertebrates_non-redundant.meme	MA0600.3	RFX2	GTTGCCATGGYAAC	6.44e-10	6.44e-10	5.66e-7	1	6900	6900	0	1.760e+08	1.00e0	6.44e-10	1.29e-9	1.00e0	6.44e-10	1.29e-9
698	JASPAR2024_CORE_vertebrates_non-redundant.meme	MA0856.1	RXRG	GRGGTCAAAGGTCA	1.15e-9	1.15e-9	1.01e-6	1	6900	6900	0	1.761e+08	1.00e0	1.15e-9	2.30e-9	1.00e0	1.15e-9	2.30e-9
699	JASPAR2024_CORE_vertebrates_non-redundant.meme	MA0114.5	HNF4A	CAAAGTCCA	3.01e-9	3.01e-9	2.64e-6	1	6900	6900	0	1.763e+08	1.00e0	3.01e-9	6.01e-9	1.00e0	3.01e-9	6.01e-9
700	JASPAR2024_CORE_vertebrates_non-redundant.meme	MA0669.1	NEUROG2	RACATATGTC	1.05e-8	1.05e-8	9.24e-6	1	6900	6900	0	1.766e+08	1.00e0	1.05e-8	2.10e-8	1.00e0	1.05e-8	2.10e-8
701	JASPAR2024_CORE_vertebrates_non-redundant.meme	MA0071.1	RORA	AWMWAGGTCA	1.26e-8	1.26e-8	1.11e-5	1	6900	6900	0	1.766e+08	1.00e0	1.26e-8	2.52e-8	1.00e0	1.26e-8	2.52e-8
702	JASPAR2024_CORE_vertebrates_non-redundant.meme	MA1951.2	FOS	GATGACGTCATCR	3.04e-8	3.04e-8	2.68e-5	1	6900	6900	0	1.769e+08	1.00e0	3.04e-8	6.09e-8	1.00e0	3.04e-8	6.09e-8
703	JASPAR2024_CORE_vertebrates_non-redundant.meme	MA1133.2	JUN::JUNB	KRTGACGTCAT	3.36e-8	3.36e-8	2.95e-5	1	6900	6900	0	1.769e+08	1.00e0	3.36e-8	6.72e-8	1.00e0	3.36e-8	6.72e-8
704	JASPAR2024_CORE_vertebrates_non-redundant.meme	MA0670.2	NFIA	TGCCAA	8.25e-8	8.25e-8	7.25e-5	1	6900	6900	0	1.771e+08	1.00e0	8.25e-8	1.65e-7	1.00e0	8.25e-8	1.65e-7
705	JASPAR2024_CORE_vertebrates_non-redundant.meme	MA1148.2	PPARA::RXRA	AWNTRGGTYAAAGGTCA	8.46e-8	8.46e-8	7.43e-5	1	6900	6900	0	1.771e+08	1.00e0	8.46e-8	1.69e-7	1.00e0	8.46e-8	1.69e-7
706	JASPAR2024_CORE_vertebrates_non-redundant.meme	MA1116.2	RBPJ	TGGGAA	8.76e-8	8.76e-8	7.70e-5	1	6900	6900	0	1.771e+08	1.00e0	8.76e-8	1.75e-7	1.00e0	8.76e-8	1.75e-7
707	JASPAR2024_CORE_vertebrates_non-redundant.meme	MA0484.3	HNF4G	CAAAGTCCA	1.83e-7	1.83e-7	1.61e-4	1	6900	6900	0	1.773e+08	1.00e0	1.83e-7	3.67e-7	1.00e0	1.83e-7	3.67e-7
708	JASPAR2024_CORE_vertebrates_non-redundant.meme	MA0855.1	RXRB	GGGGTCAAAGGTCA	3.70e-7	3.70e-7	3.25e-4	1	6900	6900	0	1.775e+08	1.00e0	3.70e-7	7.39e-7	1.00e0	3.70e-7	7.39e-7
709	JASPAR2024_CORE_vertebrates_non-redundant.meme	MA1980.1	ZNF418	MDGAGGCTAAAAGCA	1.61e-6	1.61e-6	1.42e-3	1	6900	6900	0	1.779e+08	1.00e0	1.61e-6	3.22e-6	1.00e0	1.61e-6	3.22e-6
710	JASPAR2024_CORE_vertebrates_non-redundant.meme	MA0677.2	Nr2f6	RGGTCAAAGGTCA	2.62e-6	2.62e-6	2.31e-3	1	6900	6900	0	1.780e+08	1.00e0	2.62e-6	5.25e-6	1.00e0	2.62e-6	5.25e-6
711	JASPAR2024_CORE_vertebrates_non-redundant.meme	MA0775.2	MEIS3	DTGACAG	7.23e-6	7.23e-6	6.35e-3	1	6900	6900	0	1.783e+08	1.00e0	7.23e-6	1.45e-5	1.00e0	7.23e-6	1.45e-5
712	JASPAR2024_CORE_vertebrates_non-redundant.meme	MA0137.4	STAT1	TTCYRGGAA	7.28e-6	7.28e-6	6.40e-3	1	6900	6900	0	1.783e+08	1.00e0	7.28e-6	1.46e-5	1.00e0	7.28e-6	1.46e-5
713	JASPAR2024_CORE_vertebrates_non-redundant.meme	MA2338.1	Ppara	AAGGTCA	1.33e-5	1.33e-5	1.17e-2	1	6900	6900	0	1.785e+08	1.00e0	1.33e-5	2.66e-5	1.00e0	1.33e-5	2.66e-5
714	JASPAR2024_CORE_vertebrates_non-redundant.meme	MA0804.2	TBX19	TMRCACMTAGGTGTGAA	2.35e-5	2.35e-5	2.07e-2	1	6900	6900	0	1.787e+08	1.00e0	2.35e-5	4.71e-5	1.00e0	2.35e-5	4.71e-5
715	JASPAR2024_CORE_vertebrates_non-redundant.meme	MA0512.2	Rxra	GRGGTCAAAGGTCA	2.81e-5	2.81e-5	2.47e-2	1	6900	6900	0	1.787e+08	1.00e0	2.81e-5	5.62e-5	1.00e0	2.81e-5	5.62e-5
716	JASPAR2024_CORE_vertebrates_non-redundant.meme	MA0687.2	SPIC	AAAAGVGGAAGTA	4.26e-5	4.26e-5	3.75e-2	1	6900	6900	0	1.789e+08	1.00e0	4.26e-5	8.53e-5	1.00e0	4.26e-5	8.53e-5
717	JASPAR2024_CORE_vertebrates_non-redundant.meme	MA1494.2	HNF4A	RRGTCCAAAGGTCA	5.06e-5	5.06e-5	4.45e-2	1	6900	6900	0	1.789e+08	1.00e0	5.06e-5	1.01e-4	1.00e0	5.06e-5	1.01e-4
718	JASPAR2024_CORE_vertebrates_non-redundant.meme	MA0626.2	Npas2	SCACGTGT	1.68e-4	1.68e-4	1.48e-1	1	6900	6900	0	1.793e+08	1.00e0	1.68e-4	3.37e-4	1.00e0	1.68e-4	3.37e-4
719	JASPAR2024_CORE_vertebrates_non-redundant.meme	MA0770.1	HSF2	TTCTAGAAYRTTC	1.78e-4	1.78e-4	1.56e-1	1	6900	6900	0	1.794e+08	1.00e0	1.78e-4	3.56e-4	1.00e0	1.78e-4	3.56e-4
720	JASPAR2024_CORE_vertebrates_non-redundant.meme	MA0607.2	BHLHA15	ACCATATGGT	1.83e-4	1.83e-4	1.61e-1	1	6900	6900	0	1.794e+08	1.00e0	1.83e-4	3.66e-4	1.00e0	1.83e-4	3.66e-4
721	JASPAR2024_CORE_vertebrates_non-redundant.meme	MA1508.2	IKZF1	AACAGGAA	1.87e-4	1.87e-4	1.64e-1	1	6900	6900	0	1.794e+08	1.00e0	1.87e-4	3.73e-4	1.00e0	1.87e-4	3.73e-4
722	JASPAR2024_CORE_vertebrates_non-redundant.meme	MA0776.1	MYBL1	ACCGTTAACSGY	4.19e-4	4.19e-4	3.68e-1	1	6900	6900	0	1.797e+08	1.00e0	4.19e-4	8.37e-4	1.00e0	4.19e-4	8.37e-4
723	JASPAR2024_CORE_vertebrates_non-redundant.meme	MA1594.1	ZNF382	AGGRGAYATCACYACMGAYCCCAC	4.99e-4	4.99e-4	4.38e-1	1	6900	6900	0	1.797e+08	1.00e0	4.99e-4	9.97e-4	1.00e0	4.99e-4	9.97e-4
724	JASPAR2024_CORE_vertebrates_non-redundant.meme	MA0731.1	BCL6B	TGCTTTCTAGGAATTCM	9.39e-4	9.39e-4	8.26e-1	1	6900	6900	0	1.800e+08	9.99e-1	9.39e-4	1.88e-3	9.99e-1	9.39e-4	1.88e-3
725	JASPAR2024_CORE_vertebrates_non-redundant.meme	MA0729.1	RARA	GAGGTCAAAAGGTCAAKB	1.08e-3	1.08e-3	9.45e-1	1	6900	6900	0	1.800e+08	9.99e-1	1.08e-3	2.15e-3	9.99e-1	1.08e-3	2.15e-3
726	JASPAR2024_CORE_vertebrates_non-redundant.meme	MA1544.2	OVOL1	RWACCGTTAT	1.14e-3	1.14e-3	9.99e-1	1	6900	6900	0	1.801e+08	9.99e-1	1.14e-3	2.27e-3	9.99e-1	1.14e-3	2.27e-3
727	JASPAR2024_CORE_vertebrates_non-redundant.meme	MA0689.1	TBX20	WAGGTGTGAAR	1.49e-3	1.49e-3	1.31e0	1	6900	6900	0	1.802e+08	9.99e-1	1.49e-3	2.98e-3	9.99e-1	1.49e-3	2.98e-3
728	JASPAR2024_CORE_vertebrates_non-redundant.meme	MA1953.2	FOXO1::ELF1	RTMAACAGGAAGT	2.91e-3	2.91e-3	2.56e0	1	6900	6900	0	1.805e+08	9.97e-1	2.91e-3	5.83e-3	9.97e-1	2.91e-3	5.83e-3
729	JASPAR2024_CORE_vertebrates_non-redundant.meme	MA1585.2	ZKSCAN1	AYAGTAGGT	4.25e-3	4.25e-3	3.73e0	1	6900	6900	0	1.806e+08	9.96e-1	4.25e-3	8.50e-3	9.96e-1	4.25e-3	8.50e-3
730	JASPAR2024_CORE_vertebrates_non-redundant.meme	MA1523.2	MSANTD3	CACTCAC	6.47e-3	6.47e-3	5.69e0	1	6900	6900	0	1.808e+08	9.94e-1	6.47e-3	1.29e-2	9.94e-1	6.47e-3	1.29e-2
731	JASPAR2024_CORE_vertebrates_non-redundant.meme	MA0684.3	RUNX3	AACCTCAA	6.88e-3	6.88e-3	6.04e0	1	6900	6900	0	1.809e+08	9.93e-1	6.88e-3	1.38e-2	9.93e-1	6.88e-3	1.38e-2
732	JASPAR2024_CORE_vertebrates_non-redundant.meme	MA0818.2	BHLHE22	AMCATATGKY	7.97e-3	7.97e-3	7.00e0	1	6900	6900	0	1.809e+08	9.92e-1	7.97e-3	1.59e-2	9.92e-1	7.97e-3	1.59e-2

# AME (Analysis of Motif Enrichment): Version 5.5.5 compiled on Dec  7 2023 at 04:31:55
# The format of this file is described at http://localhost:8080/meme_5.5.5/doc/ame-output-format.html.
# ame --control shared.fa --oc . --scoring avg --method ranksum --hit-lo-fraction 0.25 --evalue-report-threshold 10 --verbose 1 HFD_specific.fa JASPAR2024_CORE_vertebrates_non-redundant.meme
