"","measurement","Control_mean","Control_se","Acromegaly_mean","Acromegaly_se","pval","padj"
"1","abdominal.circumference",100.65,4.5777541800902,104.888888888889,6.29471657742614,0.5940354857779,0.70006599024935
"2","age",63.3636363636364,2.67062378573971,48.3333333333333,4.85912657903775,0.0181985420740662,0.0909927103703308
"3","BMI",30.6522993063636,1.82039875934744,31.7474510266667,2.12037929406336,0.70006599024935,0.70006599024935
"4","height",169.963636363636,2.41590460103919,180.111111111111,3.99622893225755,0.0481516994919836,0.120379248729959
"5","weight",89.3636363636364,6.70315085649717,103.888888888889,9.27578155503837,0.223435139980312,0.372391899967186
