"","measurement","Control_mean","Control_se","Acromegaly_mean","Acromegaly_se","pval","padj"
"1","abdominal.circumference",101.681818181818,4.26735639225415,104.888888888889,6.29471657742614,0.679386000720755,0.849232500900944
"2","age",62.75,2.51397608532296,48.3333333333333,4.85912657903775,0.0214905243841388,0.0909641141178559
"3","BMI",31.7396076975,1.98589591199966,31.7474510266667,2.12037929406336,0.99787543283858,0.99787543283858
"4","height",169.383333333333,2.28047819723864,180.111111111111,3.99622893225755,0.0363856456471423,0.0909641141178559
"5","weight",91.5833333333333,6.50926883820916,103.888888888889,9.27578155503837,0.294491129565459,0.490818549275765
