peak	seqnames	start	end	annotation	distanceToTSS	SYMBOL	GENENAME
chr1:4113087-4113587	chr1	4113087	4113587	Intron (ENSMUST00000208660.1/19888, intron 24 of 29)	246727	Rp1	retinitis pigmentosa 1 (human)
chr1:4141422-4141922	chr1	4141422	4141922	Intron (ENSMUST00000208660.1/19888, intron 22 of 29)	218392	Rp1	retinitis pigmentosa 1 (human)
chr1:5608278-5608778	chr1	5608278	5608778	Distal Intergenic	11760	Oprk1	opioid receptor, kappa 1
chr1:5729175-5729675	chr1	5729175	5729675	Distal Intergenic	132657	Oprk1	opioid receptor, kappa 1
chr1:9649145-9649645	chr1	9649145	9649645	Distal Intergenic	-17970	2610203C22Rik	RIKEN cDNA 2610203C22 gene
chr1:10255354-10255854	chr1	10255354	10255854	Distal Intergenic	-22684	Arfgef1	ARF guanine nucleotide exchange factor 1
chr1:11017174-11017674	chr1	11017174	11017674	Intron (ENSMUST00000027056.11/109294, intron 1 of 39)	23709	Prex2	phosphatidylinositol-3,4,5-trisphosphate-dependent Rac exchange factor 2
chr1:11086640-11087140	chr1	11086640	11087140	Intron (ENSMUST00000027056.11/109294, intron 5 of 39)	-11390	Prex2	phosphatidylinositol-3,4,5-trisphosphate-dependent Rac exchange factor 2
chr1:13269600-13270100	chr1	13269600	13270100	Intron (ENSMUST00000081713.10/17978, intron 2 of 21)	29622	Ncoa2	nuclear receptor coactivator 2
chr1:14139421-14139921	chr1	14139421	14139921	Distal Intergenic	91571	Eya1	EYA transcriptional coactivator and phosphatase 1
chr1:16768018-16768518	chr1	16768018	16768518	Exon (ENSMUST00000071842.9/ENSMUST00000071842.9, exon 1 of 1)	79510	Ly96	lymphocyte antigen 96
chr1:20069644-20070144	chr1	20069644	20070144	Intron (ENSMUST00000088448.11/241035, intron 66 of 66)	-286308	4930486I03Rik	RIKEN cDNA 4930486I03 gene
chr1:21090143-21090643	chr1	21090143	21090643	Distal Intergenic	-10914	Tram2	translocating chain-associating membrane protein 2
chr1:21721821-21722321	chr1	21721821	21722321	Intron (ENSMUST00000029667.12/226922, intron 1 of 13)	133581	Kcnq5	potassium voltage-gated channel, subfamily Q, member 5
chr1:22651932-22652432	chr1	22651932	22652432	Intron (ENSMUST00000081544.12/116837, intron 2 of 31)	153292	Rims1	regulating synaptic membrane exocytosis 1
chr1:23947632-23948132	chr1	23947632	23948132	Distal Intergenic	-25315	Smap1	small ArfGAP 1
chr1:27900212-27900712	chr1	27900212	27900712	Exon (ENSMUST00000185409.1/433281, exon 2 of 2)	16166	Gm5524	predicted gene 5524
chr1:28019872-28020372	chr1	28019872	28020372	Distal Intergenic	135826	Gm5524	predicted gene 5524
chr1:33718398-33718898	chr1	33718398	33718898	Promoter (<=1kb)	-989	Rab23	RAB23, member RAS oncogene family
chr1:33724573-33725073	chr1	33724573	33725073	3' UTR	4166	Rab23	RAB23, member RAS oncogene family
chr1:33738764-33739264	chr1	33738764	33739264	Promoter (<=1kb)	627	Rab23	RAB23, member RAS oncogene family
chr1:35308648-35309148	chr1	35308648	35309148	Distal Intergenic	456811	Plekhb2	pleckstrin homology domain containing, family B (evectins) member 2
chr1:35380741-35381241	chr1	35380741	35381241	Distal Intergenic	528904	Plekhb2	pleckstrin homology domain containing, family B (evectins) member 2
chr1:38696073-38696573	chr1	38696073	38696573	Distal Intergenic	-31118	Aff3	AF4/FMR2 family, member 3
chr1:39982774-39983274	chr1	39982774	39983274	Exon (ENSMUST00000163854.8/26921, exon 7 of 31)	-16321	Map4k4	mitogen-activated protein kinase kinase kinase kinase 4
chr1:40960633-40961133	chr1	40960633	40961133	Distal Intergenic	155032	Tmem182	transmembrane protein 182
chr1:42859645-42860145	chr1	42859645	42860145	Promoter (2-3kb)	-2369	Mrps9	mitochondrial ribosomal protein S9
chr1:44055966-44056466	chr1	44055966	44056466	Exon (ENSMUST00000238662.1/ENSMUST00000238662.1, exon 4 of 4)	-35932	Mettl21c	methyltransferase 21C, AARS1 lysine
chr1:51357613-51358113	chr1	51357613	51358113	Distal Intergenic	-23834	9330175M20Rik	RIKEN cDNA 9330175M20 gene
chr1:53762283-53762783	chr1	53762283	53762783	Exon (ENSMUST00000027263.13/98267, exon 6 of 8)	22374	Stk17b	serine/threonine kinase 17b (apoptosis-inducing)
chr1:54652161-54652661	chr1	54652161	54652661	Intron (ENSMUST00000179030.7/329154, intron 26 of 27)	5026	Ankrd44	ankyrin repeat domain 44
chr1:57884830-57885330	chr1	57884830	57885330	Intron (ENSMUST00000172287.7/67198, intron 6 of 6)	-16741	Spats2l	spermatogenesis associated, serine-rich 2-like
chr1:66721425-66721925	chr1	66721425	66721925	Exon (ENSMUST00000129190.7/68691, exon 13 of 14)	20518	Rpe	ribulose-5-phosphate-3-epimerase
chr1:70885152-70885652	chr1	70885152	70885652	3' UTR	159229	Vwc2l	von Willebrand factor C domain-containing protein 2-like
chr1:70936050-70936550	chr1	70936050	70936550	Distal Intergenic	166596	Bard1	BRCA1 associated RING domain 1
chr1:72497525-72498025	chr1	72497525	72498025	Intron (ENSMUST00000047786.5/381270, intron 1 of 3)	38905	Marchf4	membrane associated ring-CH-type finger 4
chr1:75285098-75285598	chr1	75285098	75285598	Distal Intergenic	-6683	Resp18	regulated endocrine-specific protein 18
chr1:75494935-75495435	chr1	75494935	75495435	Promoter (1-2kb)	-1868	Obsl1	obscurin-like 1
chr1:79016606-79017106	chr1	79016606	79017106	Intron (ENSMUST00000189296.1/102636764, intron 2 of 3)	199679	Kcne4	potassium voltage-gated channel, Isk-related subfamily, gene 4
chr1:83796942-83797442	chr1	83796942	83797442	Intron (ENSMUST00000189405.6/ENSMUST00000189405.6, intron 2 of 4)	255811	Pid1	phosphotyrosine interaction domain containing 1
chr1:84879589-84880089	chr1	84879589	84880089	Intron (ENSMUST00000097672.3/66153, intron 1 of 3)	10438	Fbxo36	F-box protein 36
chr1:85733207-85733707	chr1	85733207	85733707	Promoter (2-3kb)	2847	A630001G21Rik	RIKEN cDNA A630001G21 gene
chr1:89643838-89644338	chr1	89643838	89644338	Intron (ENSMUST00000027521.14/347722, intron 6 of 17)	39550	4933400F21Rik	RIKEN cDNA 4933400F21 gene
chr1:91595256-91595756	chr1	91595256	91595756	Distal Intergenic	54176	Asb1	ankyrin repeat and SOCS box-containing 1
chr1:93007330-93007830	chr1	93007330	93007830	Promoter (<=1kb)	996	Aqp12	aquaporin 12
chr1:95332273-95332773	chr1	95332273	95332773	Intron (ENSMUST00000059975.7/67698, intron 2 of 2)	18645	Fam174a	family with sequence similarity 174, member A
chr1:96519095-96519595	chr1	96519095	96519595	Distal Intergenic	142978	4930533P14Rik	RIKEN cDNA 4930533P14 gene
chr1:97887466-97887966	chr1	97887466	97887966	Intron (ENSMUST00000058762.14/18484, intron 12 of 25)	6430	Pam	peptidylglycine alpha-amidating monooxygenase
chr1:97943609-97944109	chr1	97943609	97944109	Intron (ENSMUST00000058762.14/18484, intron 4 of 25)	32959	Pam	peptidylglycine alpha-amidating monooxygenase
chr1:97982726-97983226	chr1	97982726	97983226	Intron (ENSMUST00000058762.14/18484, intron 1 of 25)	-5471	Pam	peptidylglycine alpha-amidating monooxygenase
chr1:100801173-100801673	chr1	100801173	100801673	Distal Intergenic	-354136	Gm20268	predicted gene, 20268
chr1:104807315-104807815	chr1	104807315	104807815	Intron (ENSMUST00000062528.8/23836, intron 1 of 11)	38786	Cdh20	cadherin 20
chr1:105312034-105312534	chr1	105312034	105312534	Intron (ENSMUST00000058688.6/320311, intron 2 of 2)	-43473	Gm17634	predicted gene, 17634
chr1:105520096-105520596	chr1	105520096	105520596	3' UTR	48352	Pign	phosphatidylinositol glycan anchor biosynthesis, class N
chr1:107502025-107502525	chr1	107502025	107502525	Distal Intergenic	-8898	Serpinb2	serine (or cysteine) peptidase inhibitor, clade B, member 2
chr1:109889574-109890074	chr1	109889574	109890074	Distal Intergenic	-92357	Cdh7	cadherin 7, type 2
chr1:114860829-114861329	chr1	114860829	114861329	Distal Intergenic	-823427	Cntnap5a	contactin associated protein-like 5A
chr1:118658664-118659164	chr1	118658664	118659164	Exon (ENSMUST00000027629.9/81879, exon 7 of 15)	30718	Tfcp2l1	transcription factor CP2-like 1
chr1:120171912-120172412	chr1	120171912	120172412	Intron (ENSMUST00000027637.12/73103, intron 4 of 4)	11432	3110009E18Rik	RIKEN cDNA 3110009E18 gene
chr1:123636124-123636624	chr1	123636124	123636624	Intron (ENSMUST00000112606.7/269109, intron 5 of 25)	13736	Dpp10	dipeptidylpeptidase 10
chr1:124311425-124311925	chr1	124311425	124311925	Intron (ENSMUST00000239072.1/269109, intron 1 of 25)	-265866	Dpp10	dipeptidylpeptidase 10
chr1:125397028-125397528	chr1	125397028	125397528	Promoter (<=1kb)	84	Actr3	ARP3 actin-related protein 3
chr1:127419419-127419919	chr1	127419419	127419919	Intron (ENSMUST00000038361.10/107895, intron 12 of 17)	80425	Tmem163	transmembrane protein 163
chr1:130996999-130997499	chr1	130996999	130997499	Distal Intergenic	-22346	Il10	interleukin 10
chr1:131285506-131286006	chr1	131285506	131286006	3' UTR	-5900	Ikbke	inhibitor of kappaB kinase epsilon
chr1:131881255-131881755	chr1	131881255	131881755	Distal Intergenic	13602	Rab29	RAB29, member RAS oncogene family
chr1:135903305-135903805	chr1	135903305	135903805	Intron (ENSMUST00000027667.12/18772, intron 2 of 13)	15315	Pkp1	plakophilin 1
chr1:136475439-136475939	chr1	136475439	136475939	Promoter (<=1kb)	-401	Kif14	kinesin family member 14
chr1:143823246-143823746	chr1	143823246	143823746	Distal Intergenic	28529	Uchl5	ubiquitin carboxyl-terminal esterase L5
chr1:145897463-145897963	chr1	145897463	145897963	Distal Intergenic	-596797	Brinp3	bone morphogenetic protein/retinoic acid inducible neural specific 3
chr1:145935750-145936250	chr1	145935750	145936250	Distal Intergenic	-558510	Brinp3	bone morphogenetic protein/retinoic acid inducible neural specific 3
chr1:150991871-150992371	chr1	150991871	150992371	Promoter (<=1kb)	680	Hmcn1	hemicentin 1
chr1:151513940-151514440	chr1	151513940	151514440	Distal Intergenic	-12985	Rnf2	ring finger protein 2
chr1:151653385-151653885	chr1	151653385	151653885	Intron (ENSMUST00000148810.7/63913, intron 5 of 13)	-23282	Niban1	niban apoptosis regulator 1
chr1:152369391-152369891	chr1	152369391	152369891	Promoter (2-3kb)	2191	Tsen15	tRNA splicing endonuclease subunit 15
chr1:152371302-152371802	chr1	152371302	152371802	Promoter (<=1kb)	280	Tsen15	tRNA splicing endonuclease subunit 15
chr1:154893431-154893931	chr1	154893431	154893931	Distal Intergenic	-8930	Cacna1e	calcium channel, voltage-dependent, R type, alpha 1E subunit
chr1:156763181-156763681	chr1	156763181	156763681	Distal Intergenic	-44095	Fam20b	FAM20B, glycosaminoglycan xylosylkinase
chr1:158294700-158295200	chr1	158294700	158295200	Promoter (1-2kb)	1264	Brinp2	bone morphogenic protein/retinoic acid inducible neural-specific 2
chr1:159128522-159129022	chr1	159128522	159129022	Distal Intergenic	-103298	Cop1	COP1, E3 ubiquitin ligase
chr1:160550642-160551142	chr1	160550642	160551142	Intron (ENSMUST00000028049.12/29809, intron 13 of 20)	-96869	Rabgap1l	RAB GTPase activating protein 1-like
chr1:160774433-160774933	chr1	160774433	160774933	Intron (ENSMUST00000028049.12/29809, intron 1 of 20)	18005	Rabgap1l	RAB GTPase activating protein 1-like
chr1:166138083-166138583	chr1	166138083	166138583	Intron (ENSMUST00000060833.13/59290, intron 1 of 6)	7616	Gpa33	glycoprotein A33 transmembrane
chr1:167131524-167132024	chr1	167131524	167132024	Distal Intergenic	104811	Uck2	uridine-cytidine kinase 2
chr1:170429378-170429878	chr1	170429378	170429878	Intron (ENSMUST00000160456.7/70729, intron 2 of 9)	25036	Nos1ap	nitric oxide synthase 1 (neuronal) adaptor protein
chr1:170466182-170466682	chr1	170466182	170466682	Intron (ENSMUST00000160456.7/70729, intron 2 of 9)	-11268	Nos1ap	nitric oxide synthase 1 (neuronal) adaptor protein
chr1:170489630-170490130	chr1	170489630	170490130	Intron (ENSMUST00000160456.7/70729, intron 2 of 9)	-34716	Nos1ap	nitric oxide synthase 1 (neuronal) adaptor protein
chr1:175471138-175471638	chr1	175471138	175471638	Intron (ENSMUST00000194555.5/24012, intron 2 of 17)	19492	Rgs7	regulator of G protein signaling 7
chr1:177517928-177518428	chr1	177517928	177518428	Distal Intergenic	72107	Zbtb18	zinc finger and BTB domain containing 18
chr1:177708760-177709260	chr1	177708760	177709260	Distal Intergenic	-20554	Spmip3	sperm microtubule inner protein 3
chr1:180734970-180735470	chr1	180734970	180735470	Intron (ENSMUST00000027780.5/170760, intron 3 of 7)	5113	Acbd3	acyl-Coenzyme A binding domain containing 3
chr1:181126657-181127157	chr1	181126657	181127157	Exon (ENSMUST00000027797.8/67459, exon 10 of 23)	17047	Nvl	nuclear VCP-like
chr1:186675205-186675705	chr1	186675205	186675705	Intron (ENSMUST00000045288.13/21808, intron 1 of 6)	-7050	Tgfb2	transforming growth factor, beta 2
chr10:10894528-10895028	chr10	10894528	10895028	Intron (ENSMUST00000044306.12/14816, intron 3 of 8)	143448	4930567K20Rik	RIKEN cDNA 4930567K20 gene
chr10:10921454-10921954	chr10	10921454	10921954	Intron (ENSMUST00000044306.12/14816, intron 3 of 8)	159002	Grm1	glutamate receptor, metabotropic 1
chr10:12219179-12219679	chr10	12219179	12219679	Distal Intergenic	183396	Utrn	utrophin
chr10:13304579-13305079	chr10	13304579	13305079	Intron (ENSMUST00000105545.11/215789, intron 1 of 12)	19210	Phactr2	phosphatase and actin regulator 2
chr10:13832846-13833346	chr10	13832846	13833346	Intron (ENSMUST00000162610.7/66253, intron 1 of 5)	10940	Aig1	androgen-induced 1
chr10:14977853-14978353	chr10	14977853	14978353	Distal Intergenic	217634	Nmbr	neuromedin B receptor
chr10:18336788-18337288	chr10	18336788	18337288	Exon (ENSMUST00000213578.1/ENSMUST00000213578.1, exon 1 of 1)	17803	Nhsl1	NHS like 1
chr10:20673635-20674135	chr10	20673635	20674135	Intron (ENSMUST00000020165.13/29863, intron 1 of 12)	50561	Pde7b	phosphodiesterase 7B
chr10:21986578-21987078	chr10	21986578	21987078	Intron (ENSMUST00000120509.7/20393, intron 3 of 13)	-5145	Sgk1	serum/glucocorticoid regulated kinase 1
chr10:23574803-23575303	chr10	23574803	23575303	Intron (ENSMUST00000219823.1/ENSMUST00000219823.1, intron 3 of 4)	210172	Snora33	small nucleolar RNA, H/ACA box 33
chr10:24191932-24192432	chr10	24191932	24192432	Distal Intergenic	-31085	Moxd1	monooxygenase, DBH-like 1
chr10:26804796-26805296	chr10	26804796	26805296	Intron (ENSMUST00000176060.7/73910, intron 1 of 4)	-17306	Arhgap18	Rho GTPase activating protein 18
chr10:27140428-27140928	chr10	27140428	27140928	Intron (ENSMUST00000092639.11/16773, intron 32 of 64)	71326	Lama2	laminin, alpha 2
chr10:28204258-28204758	chr10	28204258	28204758	Intron (ENSMUST00000166468.1/19272, intron 1 of 31)	129248	Ptprk	protein tyrosine phosphatase receptor type K
chr10:28261876-28262376	chr10	28261876	28262376	Intron (ENSMUST00000166468.1/19272, intron 2 of 31)	186866	Ptprk	protein tyrosine phosphatase receptor type K
chr10:28675545-28676045	chr10	28675545	28676045	Intron (ENSMUST00000060409.12/210757, intron 1 of 4)	6912	Themis	thymocyte selection associated
chr10:31546317-31546817	chr10	31546317	31546817	Intron (ENSMUST00000081989.7/268291, intron 1 of 5)	62367	Rnf217	ring finger protein 217
chr10:32977092-32977592	chr10	32977092	32977592	Distal Intergenic	-86631	Nkain2	Na+/K+ transporting ATPase interacting 2
chr10:34453935-34454435	chr10	34453935	34454435	Distal Intergenic	-28964	Frk	fyn-related kinase
chr10:43121465-43121965	chr10	43121465	43121965	Intron (ENSMUST00000040275.8/109205, intron 4 of 6)	52556	Sobp	sine oculis binding protein
chr10:44877022-44877522	chr10	44877022	44877522	Distal Intergenic	-189681	Prep	prolyl endopeptidase
chr10:45154391-45154891	chr10	45154391	45154891	Intron (ENSMUST00000099858.3/19072, intron 13 of 14)	-23207	Popdc3	popeye domain containing 3
chr10:45350001-45350501	chr10	45350001	45350501	Intron (ENSMUST00000095715.4/23828, intron 5 of 7)	-3007	Popdc1	popeye domain cAMP effector 1
chr10:45888917-45889417	chr10	45888917	45889417	Distal Intergenic	51037	D030045P18Rik	RIKEN cDNA D030045P18 gene
chr10:45906503-45907003	chr10	45906503	45907003	Distal Intergenic	68623	D030045P18Rik	RIKEN cDNA D030045P18 gene
chr10:45957453-45957953	chr10	45957453	45957953	Distal Intergenic	119573	D030045P18Rik	RIKEN cDNA D030045P18 gene
chr10:45972062-45972562	chr10	45972062	45972562	Distal Intergenic	134182	D030045P18Rik	RIKEN cDNA D030045P18 gene
chr10:46011741-46012241	chr10	46011741	46012241	Distal Intergenic	173861	D030045P18Rik	RIKEN cDNA D030045P18 gene
chr10:46057442-46057942	chr10	46057442	46057942	Distal Intergenic	219562	D030045P18Rik	RIKEN cDNA D030045P18 gene
chr10:46439947-46440447	chr10	46439947	46440447	Distal Intergenic	602067	D030045P18Rik	RIKEN cDNA D030045P18 gene
chr10:46458419-46458919	chr10	46458419	46458919	Distal Intergenic	620539	D030045P18Rik	RIKEN cDNA D030045P18 gene
chr10:47602672-47603172	chr10	47602672	47603172	Distal Intergenic	1500759	Grik2	glutamate receptor, ionotropic, kainate 2 (beta 2)
chr10:54120420-54120920	chr10	54120420	54120920	Distal Intergenic	-43811	Man1a	mannosidase 1, alpha
chr10:56499781-56500281	chr10	56499781	56500281	Distal Intergenic	67800	Gm36595	predicted gene, 36595
chr10:57046559-57047059	chr10	57046559	57047059	Distal Intergenic	439292	4930467K11Rik	RIKEN cDNA 4930467K11 gene
chr10:57088006-57088506	chr10	57088006	57088506	Distal Intergenic	397845	4930467K11Rik	RIKEN cDNA 4930467K11 gene
chr10:57174677-57175177	chr10	57174677	57175177	Distal Intergenic	311174	4930467K11Rik	RIKEN cDNA 4930467K11 gene
chr10:58405801-58406301	chr10	58405801	58406301	Promoter (1-2kb)	-1756	Lims1	LIM and senescent cell antigen-like domains 1
chr10:60594928-60595428	chr10	60594928	60595428	Intron (ENSMUST00000073242.10/22295, intron 5 of 66)	57605	Cdh23	cadherin related 23 (otocadherin)
chr10:62776188-62776688	chr10	62776188	62776688	Exon (ENSMUST00000020268.6/67500, exon 8 of 25)	-4212	Ccar1	cell division cycle and apoptosis regulator 1
chr10:68190519-68191019	chr10	68190519	68191019	Intron (ENSMUST00000219238.1/71371, intron 3 of 9)	-53893	Arid5b	AT-rich interaction domain 5B
chr10:68587219-68587719	chr10	68587219	68587719	Distal Intergenic	-45323	Cabcoco1	ciliary associated calcium binding coiled-coil 1
chr10:70196572-70197072	chr10	70196572	70197072	Distal Intergenic	-7592	Mrln	myoregulin
chr10:75217373-75217873	chr10	75217373	75217873	Intron (ENSMUST00000218766.1/74392, intron 1 of 15)	4953	Specc1l	sperm antigen with calponin homology and coiled-coil domains 1-like
chr10:82908157-82908657	chr10	82908157	82908657	Distal Intergenic	21311	Txnrd1	thioredoxin reductase 1
chr10:88239524-88240024	chr10	88239524	88240024	Intron (ENSMUST00000020248.15/67282, intron 6 of 6)	4095	Washc3	WASH complex subunit 3
chr10:88676404-88676904	chr10	88676404	88676904	3' UTR	6119	Spic	Spi-C transcription factor (Spi-1/PU.1 related)
chr10:90600173-90600673	chr10	90600173	90600673	Intron (ENSMUST00000183156.7/77531, intron 15 of 25)	23181	Anks1b	ankyrin repeat and sterile alpha motif domain containing 1B
chr10:90619074-90619574	chr10	90619074	90619574	Intron (ENSMUST00000183156.7/77531, intron 15 of 25)	42082	Anks1b	ankyrin repeat and sterile alpha motif domain containing 1B
chr10:91229991-91230491	chr10	91229991	91230491	Distal Intergenic	-9349	4930534H03Rik	RIKEN cDNA 4930534H03 gene
chr10:91320750-91321250	chr10	91320750	91321250	Distal Intergenic	-100108	4930534H03Rik	RIKEN cDNA 4930534H03 gene
chr10:97392883-97393383	chr10	97392883	97393383	Distal Intergenic	-30095	Mir3966	microRNA 3966
chr10:98531452-98531952	chr10	98531452	98531952	Distal Intergenic	-179578	Gm8633	predicted gene 8633
chr10:99232597-99233097	chr10	99232597	99233097	Exon (ENSMUST00000220253.1/ENSMUST00000220253.1, exon 3 of 3)	-30134	Dusp6	dual specificity phosphatase 6
chr10:99297755-99298255	chr10	99297755	99298255	Distal Intergenic	32114	Dusp6	dual specificity phosphatase 6
chr10:107503261-107503761	chr10	107503261	107503761	Distal Intergenic	-8524	Myf6	myogenic factor 6
chr10:108360360-108360860	chr10	108360360	108360860	Intron (ENSMUST00000095313.4/114774, intron 2 of 6)	27543	Pawr	PRKC, apoptosis, WT1, regulator
chr10:108432032-108432532	chr10	108432032	108432532	Intron (ENSMUST00000217857.1/102640148, intron 1 of 2)	-4133	Gm36283	predicted gene, 36283
chr10:108912456-108912956	chr10	108912456	108912956	Intron (ENSMUST00000105276.7/20979, intron 2 of 11)	96144	Syt1	synaptotagmin I
chr10:111160020-111160520	chr10	111160020	111160520	Distal Intergenic	-4232	Osbpl8	oxysterol binding protein-like 8
chr10:114913550-114914050	chr10	114913550	114914050	Distal Intergenic	-111243	Trhde	TRH-degrading enzyme
chr10:115270876-115271376	chr10	115270876	115271376	Distal Intergenic	-19409	Tbc1d15	TBC1 domain family, member 15
chr10:115328431-115328931	chr10	115328431	115328931	Distal Intergenic	-12840	Rab21	RAB21, member RAS oncogene family
chr10:116633369-116633869	chr10	116633369	116633869	Distal Intergenic	-40722	Gm26579	predicted gene, 26579
chr10:119160077-119160577	chr10	119160077	119160577	Intron (ENSMUST00000217700.1/ENSMUST00000217700.1, intron 1 of 5)	47632	Cand1	cullin associated and neddylation disassociated 1
chr10:121604556-121605056	chr10	121604556	121605056	Promoter (<=1kb)	0	Xpot	exportin, tRNA (nuclear export receptor for tRNAs)
chr10:122862067-122862567	chr10	122862067	122862567	Intron (ENSMUST00000162853.7/319468, intron 5 of 5)	-32801	Ppm1h	protein phosphatase 1H (PP2C domain containing)
chr11:8825622-8826122	chr11	8825622	8826122	Distal Intergenic	-160941	Tns3	tensin 3
chr11:9669388-9669888	chr11	9669388	9669888	Intron (ENSMUST00000042740.12/268379, intron 59 of 61)	475937	Abca13	ATP-binding cassette, sub-family A member 13
chr11:12381379-12381879	chr11	12381379	12381879	Intron (ENSMUST00000172919.7/12808, intron 2 of 7)	-3101	Cobl	cordon-bleu WH2 repeat
chr11:13043436-13043936	chr11	13043436	13043936	Distal Intergenic	-578476	Cobl	cordon-bleu WH2 repeat
chr11:18003015-18003515	chr11	18003015	18003515	Distal Intergenic	49011	Etaa1os	Ewing tumor-associated antigen 1, opposite strand
chr11:19049387-19049887	chr11	19049387	19049887	Distal Intergenic	-15389	4933406G16Rik	RIKEN cDNA 4933406G16 gene
chr11:19438378-19438878	chr11	19438378	19438878	Distal Intergenic	373102	4933406G16Rik	RIKEN cDNA 4933406G16 gene
chr11:20186701-20187201	chr11	20186701	20187201	Distal Intergenic	-14231	Rab1a	RAB1A, member RAS oncogene family
chr11:26009698-26010198	chr11	26009698	26010198	Intron (ENSMUST00000125773.7/70626, intron 1 of 5)	71402	5730522E02Rik	RIKEN cDNA 5730522E02 gene
chr11:27106012-27106512	chr11	27106012	27106512	Distal Intergenic	-512013	Vrk2	vaccinia related kinase 2
chr11:28383867-28384367	chr11	28383867	28384367	Distal Intergenic	49743	Ccdc85a	coiled-coil domain containing 85A
chr11:33336609-33337109	chr11	33336609	33337109	Intron (ENSMUST00000102815.9/66011, intron 14 of 27)	-6594	Ranbp17	RAN binding protein 17
chr11:33506845-33507345	chr11	33506845	33507345	Intron (ENSMUST00000102815.9/66011, intron 1 of 27)	5749	Ranbp17	RAN binding protein 17
chr11:33526310-33526810	chr11	33526310	33526810	Distal Intergenic	-12564	Ranbp17	RAN binding protein 17
chr11:34337628-34338128	chr11	34337628	34338128	Intron (ENSMUST00000165963.8/574403, intron 1 of 3)	22806	Insyn2b	inhibitory synaptic factor family member 2B
chr11:35065800-35066300	chr11	35065800	35066300	Distal Intergenic	-54924	Slit3	slit guidance ligand 3
chr11:39128178-39128678	chr11	39128178	39128678	Distal Intergenic	-608165	Gm12130	predicted gene 12130
chr11:41202410-41202910	chr11	41202410	41202910	Distal Intergenic	-447099	Ccng1	cyclin G1
chr11:54214631-54215131	chr11	54214631	54215131	Promoter (1-2kb)	-1346	4933405E24Rik	RIKEN cDNA 4933405E24 gene
chr11:54878999-54879499	chr11	54878999	54879499	Distal Intergenic	12518	Hint1	histidine triad nucleotide binding protein 1
chr11:55013127-55013627	chr11	55013127	55013627	Intron (ENSMUST00000102727.2/11749, intron 3 of 24)	19788	Anxa6	annexin A6
chr11:55239140-55239640	chr11	55239140	55239640	Distal Intergenic	25345	Slc36a1	solute carrier family 36 (proton/amino acid symporter), member 1
chr11:55301889-55302389	chr11	55301889	55302389	Intron (ENSMUST00000068853.12/245827, intron 3 of 23)	9868	Fat2	FAT atypical cadherin 2
chr11:56762702-56763202	chr11	56762702	56763202	Distal Intergenic	-248185	Gria1	glutamate receptor, ionotropic, AMPA1 (alpha 1)
chr11:57404549-57405049	chr11	57404549	57405049	Distal Intergenic	102379	Fam114a2	family with sequence similarity 114, member A2
chr11:59330375-59330875	chr11	59330375	59330875	Intron (ENSMUST00000000128.9/216795, intron 3 of 3)	23445	Wnt9a	wingless-type MMTV integration site family, member 9A
chr11:60253734-60254234	chr11	60253734	60254234	Exon (ENSMUST00000142225.1/216810, exon 9 of 9)	-8065	Tom1l2	target of myb1-like 2 (chicken)
chr11:61206357-61206857	chr11	61206357	61206857	Promoter (<=1kb)	-680	Aldh3a1	aldehyde dehydrogenase family 3, subfamily A1
chr11:61207825-61208325	chr11	61207825	61208325	Promoter (<=1kb)	288	Aldh3a1	aldehyde dehydrogenase family 3, subfamily A1
chr11:62831624-62832124	chr11	62831624	62832124	Promoter (1-2kb)	-1676	Trim16	tripartite motif-containing 16
chr11:65743612-65744112	chr11	65743612	65744112	Promoter (1-2kb)	1726	Map2k4	mitogen-activated protein kinase kinase 4
chr11:70288678-70289178	chr11	70288678	70289178	Distal Intergenic	32399	Alox12e	arachidonate lipoxygenase, epidermal
chr11:70852700-70853200	chr11	70852700	70853200	Intron (ENSMUST00000076270.12/54189, intron 1 of 17)	7725	Rabep1	rabaptin, RAB GTPase binding effector protein 1
chr11:70871929-70872429	chr11	70871929	70872429	Exon (ENSMUST00000179676.1/ENSMUST00000179676.1, exon 2 of 2)	26954	Rabep1	rabaptin, RAB GTPase binding effector protein 1
chr11:72385181-72385681	chr11	72385181	72385681	Distal Intergenic	-3075	Mir6338	microRNA 6338
chr11:74398389-74398889	chr11	74398389	74398889	Intron (ENSMUST00000102521.8/380711, intron 17 of 24)	9136	Rap1gap2	RAP1 GTPase activating protein 2
chr11:74485705-74486205	chr11	74485705	74486205	Intron (ENSMUST00000102521.8/380711, intron 2 of 24)	36546	Rap1gap2	RAP1 GTPase activating protein 2
chr11:75421632-75422132	chr11	75421632	75422132	Promoter (<=1kb)	420	Serpinf1	serine (or cysteine) peptidase inhibitor, clade F, member 1
chr11:77786134-77786634	chr11	77786134	77786634	5' UTR	8818	Myo18a	myosin XVIIIA
chr11:80168688-80169188	chr11	80168688	80169188	Intron (ENSMUST00000021050.13/216991, intron 6 of 10)	14572	Adap2	ArfGAP with dual PH domains 2
chr11:89357925-89358425	chr11	89357925	89358425	Distal Intergenic	-55593	Nog	noggin
chr11:93987858-93988358	chr11	93987858	93988358	Distal Intergenic	-7733	Spag9	sperm associated antigen 9
chr11:100200203-100200703	chr11	100200203	100200703	Distal Intergenic	5327	Krt14	keratin 14
chr11:115209395-115209895	chr11	115209395	115209895	Intron (ENSMUST00000061450.6/320534, intron 8 of 9)	-21536	Nat9	N-acetyltransferase 9 (GCN5-related, putative)
chr12:4672390-4672890	chr12	4672390	4672890	Exon (ENSMUST00000062580.7/20403, exon 27 of 39)	7855	Itsn2	intersectin 2
chr12:6967928-6968428	chr12	6967928	6968428	Distal Intergenic	411902	1700101O22Rik	RIKEN cDNA 1700101O22 gene
chr12:9047025-9047525	chr12	9047025	9047525	Distal Intergenic	16997	Ttc32	tetratricopeptide repeat domain 32
chr12:9689238-9689738	chr12	9689238	9689738	Distal Intergenic	114797	Osr1	odd-skipped related transcription factor 1
chr12:10874194-10874694	chr12	10874194	10874694	Distal Intergenic	-173119	7420701I03Rik	RIKEN cDNA 7420701I03 gene
chr12:11392074-11392574	chr12	11392074	11392574	Intron (ENSMUST00000220506.1/26950, intron 1 of 3)	43066	Vsnl1	visinin-like 1
chr12:13448808-13449308	chr12	13448808	13449308	Intron (ENSMUST00000042953.9/71169, intron 38 of 51)	-37814	Nbas	neuroblastoma amplified sequence
chr12:13474728-13475228	chr12	13474728	13475228	Intron (ENSMUST00000042953.9/71169, intron 42 of 51)	-11894	Nbas	neuroblastoma amplified sequence
chr12:14774835-14775335	chr12	14774835	14775335	Distal Intergenic	275054	4930448C13Rik	RIKEN cDNA 4930448C13 gene
chr12:15619232-15619732	chr12	15619232	15619732	Intron (ENSMUST00000222542.1/ENSMUST00000222542.1, intron 1 of 4)	181369	Mir6387	microRNA 6387
chr12:20928136-20928636	chr12	20928136	20928636	Distal Intergenic	-61823	Asap2	ArfGAP with SH3 domain, ankyrin repeat and PH domain 2
chr12:24734983-24735483	chr12	24734983	24735483	Distal Intergenic	25954	Rrm2	ribonucleotide reductase M2
chr12:25790994-25791494	chr12	25790994	25791494	Distal Intergenic	419011	Gm29687	predicted gene, 29687
chr12:26976342-26976842	chr12	26976342	26976842	Distal Intergenic	138153	Gm20187	predicted gene, 20187
chr12:33455310-33455810	chr12	33455310	33455810	Distal Intergenic	25241	Polr1f	RNA polymerase I subunit F
chr12:34295962-34296462	chr12	34295962	34296462	Intron (ENSMUST00000209902.1/79221, intron 13 of 24)	140845	Hdac9	histone deacetylase 9
chr12:34926033-34926533	chr12	34926033	34926533	Distal Intergenic	-8938	Hdac9	histone deacetylase 9
chr12:35357943-35358443	chr12	35357943	35358443	Distal Intergenic	-163046	Mir680-3	microRNA 680-3
chr12:36509871-36510371	chr12	36509871	36510371	Intron (ENSMUST00000221452.1/75847, intron 6 of 9)	127691	Crppa	CDP-L-ribitol pyrophosphorylase A
chr12:40574960-40575460	chr12	40574960	40575460	Intron (ENSMUST00000037488.7/238130, intron 1 of 52)	128624	Dock4	dedicator of cytokinesis 4
chr12:45659504-45660004	chr12	45659504	45660004	Distal Intergenic	-584795	Stxbp6	syntaxin binding protein 6 (amisyn)
chr12:49034632-49035132	chr12	49034632	49035132	Distal Intergenic	-347528	Foxg1	forkhead box G1
chr12:51678519-51679019	chr12	51678519	51679019	Intron (ENSMUST00000013130.14/94186, intron 1 of 17)	-12014	Ap4s1	adaptor-related protein complex AP-4, sigma 1
chr12:54679857-54680357	chr12	54679857	54680357	Intron (ENSMUST00000161592.7/66266, intron 4 of 5)	15464	Eapp	E2F-associated phosphoprotein
chr12:58591152-58591652	chr12	58591152	58591652	Distal Intergenic	-321862	Clec14a	C-type lectin domain family 14, member a
chr12:59077909-59078409	chr12	59077909	59078409	Distal Intergenic	10945	Pnn	pinin
chr12:64876248-64876748	chr12	64876248	64876748	Distal Intergenic	-41158	Gm527	predicted gene 527
chr12:65615075-65615575	chr12	65615075	65615575	Distal Intergenic	389007	Wdr20rt	WD repeat domain 20, retrogene
chr12:70044204-70044704	chr12	70044204	70044704	Exon (ENSMUST00000085314.10/18080, exon 16 of 29)	6580	Nin	ninein
chr12:70300704-70301204	chr12	70300704	70301204	Intron (ENSMUST00000110522.9/94090, intron 1 of 13)	15051	Trim9	tripartite motif-containing 9
chr12:70553719-70554219	chr12	70553719	70554219	Distal Intergenic	93878	Tmx1	thioredoxin-related transmembrane protein 1
chr12:72056736-72057236	chr12	72056736	72057236	Distal Intergenic	13889	Gpr135	G protein-coupled receptor 135
chr12:73252268-73252768	chr12	73252268	73252768	Intron (ENSMUST00000189644.6/17420, intron 6 of 6)	29903	Trmt5	TRM5 tRNA methyltransferase 5
chr12:73635950-73636450	chr12	73635950	73636450	Intron (ENSMUST00000221153.1/18755, intron 2 of 14)	51107	Prkch	protein kinase C, eta
chr12:73979040-73979540	chr12	73979040	73979540	Intron (ENSMUST00000021532.5/75627, intron 8 of 9)	7144	Snapc1	small nuclear RNA activating complex, polypeptide 1
chr12:74950988-74951488	chr12	74950988	74951488	Intron (ENSMUST00000042299.3/238271, intron 10 of 10)	225844	Kcnh5	potassium voltage-gated channel, subfamily H (eag-related), member 5
chr12:75528892-75529392	chr12	75528892	75529392	Intron (ENSMUST00000021447.8/26932, intron 2 of 13)	20282	Ppp2r5e	protein phosphatase 2, regulatory subunit B', epsilon
chr12:76466828-76467328	chr12	76466828	76467328	Distal Intergenic	22268	Ppp1r36dn	Ppp1r36 downstream neighbor
chr12:76479745-76480245	chr12	76479745	76480245	Distal Intergenic	35185	Ppp1r36dn	Ppp1r36 downstream neighbor
chr12:80291246-80291746	chr12	80291246	80291746	Distal Intergenic	-30875	Actn1	actinin, alpha 1
chr12:80504626-80505126	chr12	80504626	80505126	Promoter (2-3kb)	-2080	2310002D06Rik	RIKEN cDNA 2310002D06 gene
chr12:81971286-81971786	chr12	81971286	81971786	Promoter (1-2kb)	-1401	Pcnx1	pecanex 1
chr12:86999310-86999810	chr12	86999310	86999810	Distal Intergenic	-8880	Zdhhc22	zinc finger, DHHC-type containing 22
chr12:87031611-87032111	chr12	87031611	87032111	Intron (ENSMUST00000154801.7/217733, intron 1 of 25)	4995	Tmem63c	transmembrane protein 63c
chr12:89159522-89160022	chr12	89159522	89160022	Intron (ENSMUST00000167734.7/18191, intron 4 of 7)	-33084	Nrxn3	neurexin III
chr12:90931790-90932290	chr12	90931790	90932290	Intron (ENSMUST00000181184.1/ENSMUST00000181184.1, intron 1 of 4)	97788	Cep128	centrosomal protein 128
chr12:92152621-92153121	chr12	92152621	92153121	Distal Intergenic	-303464	Sel1l	sel-1 suppressor of lin-12-like (C. elegans)
chr12:93091279-93091779	chr12	93091279	93091779	Distal Intergenic	353044	4930559C10Rik	RIKEN cDNA 4930559C10 gene
chr12:95630857-95631357	chr12	95630857	95631357	Distal Intergenic	-60869	Flrt2	fibronectin leucine rich transmembrane protein 2
chr12:100992289-100992789	chr12	100992289	100992789	Exon (ENSMUST00000223029.1/ENSMUST00000223029.1, exon 4 of 5)	-9932	Ccdc88c	coiled-coil domain containing 88C
chr12:101417595-101418095	chr12	101417595	101418095	Exon (ENSMUST00000221965.1/271036, exon 3 of 5)	12843	Catsperb	cation channel sperm associated auxiliary subunit beta
chr12:105617428-105617928	chr12	105617428	105617928	Intron (ENSMUST00000221015.1/76559, intron 20 of 20)	5214	Atg2b	autophagy related 2B
chr12:108158993-108159493	chr12	108158993	108159493	Intron (ENSMUST00000071095.13/52690, intron 4 of 12)	3516	Setd3	SET domain containing 3
chr12:113210389-113210889	chr12	113210389	113210889	Distal Intergenic	24459	Tmem121	transmembrane protein 121
chr12:116109916-116110416	chr12	116109916	116110416	Exon (ENSMUST00000175871.7/ENSMUST00000175871.7, exon 2 of 4)	-26931	Vipr2	vasoactive intestinal peptide receptor 2
chr12:116293922-116294422	chr12	116293922	116294422	Intron (ENSMUST00000100986.3/52635, intron 1 of 21)	12671	Esyt2	extended synaptotagmin-like protein 2
chr12:119815734-119816234	chr12	119815734	119816234	Distal Intergenic	-129723	Tmem196	transmembrane protein 196
chr13:13774734-13775234	chr13	13774734	13775234	Intron (ENSMUST00000110559.2/17101, intron 50 of 52)	-8825	Gng4	guanine nucleotide binding protein (G protein), gamma 4
chr13:15802141-15802641	chr13	15802141	15802641	Promoter (<=1kb)	0	4933412O06Rik	RIKEN cDNA 4933412O06 gene
chr13:17585107-17585607	chr13	17585107	17585607	Intron (ENSMUST00000068545.5/192136, intron 6 of 13)	109129	Sugct	succinyl-CoA glutarate-CoA transferase
chr13:20097957-20098457	chr13	20097957	20098457	Intron (ENSMUST00000181429.7/140580, intron 1 of 6)	7338	Elmo1	engulfment and cell motility 1
chr13:20725521-20726021	chr13	20725521	20726021	Distal Intergenic	-68092	Aoah	acyloxyacyl hydrolase
chr13:20920149-20920649	chr13	20920149	20920649	Intron (ENSMUST00000021757.4/27052, intron 11 of 20)	-89984	Aoah	acyloxyacyl hydrolase
chr13:21253846-21254346	chr13	21253846	21254346	Distal Intergenic	38385	Gpx5	glutathione peroxidase 5
chr13:21275476-21275976	chr13	21275476	21275976	Distal Intergenic	16755	Gpx5	glutathione peroxidase 5
chr13:21907453-21907953	chr13	21907453	21907953	Distal Intergenic	-10404	Mir1983	microRNA 1983
chr13:22055676-22056176	chr13	22055676	22056176	Distal Intergenic	12462	H2bc11	H2B clustered histone 11
chr13:23401392-23401892	chr13	23401392	23401892	Distal Intergenic	21974	Abt1	activator of basal transcription 1
chr13:23463781-23464281	chr13	23463781	23464281	Promoter (1-2kb)	1128	Btn1a1	butyrophilin, subfamily 1, member A1
chr13:26565028-26565528	chr13	26565028	26565528	Distal Intergenic	204637	Hdgfl1	HDGF like 1
chr13:32927508-32928008	chr13	32927508	32928008	Distal Intergenic	-29297	Serpinb1c	serine (or cysteine) peptidase inhibitor, clade B, member 1c
chr13:32929067-32929567	chr13	32929067	32929567	Distal Intergenic	-30856	Serpinb1c	serine (or cysteine) peptidase inhibitor, clade B, member 1c
chr13:32957904-32958404	chr13	32957904	32958404	Distal Intergenic	-6805	Serpinb6b	serine (or cysteine) peptidase inhibitor, clade B, member 6b
chr13:34910637-34911137	chr13	34910637	34911137	Exon (ENSMUST00000021851.7/71864, exon 8 of 8)	5844	Fam217a	family with sequence similarity 217, member A
chr13:41051425-41051925	chr13	41051425	41051925	Exon (ENSMUST00000225084.1/17152, exon 5 of 14)	-11654	Mak	male germ cell-associated kinase
chr13:43351712-43352212	chr13	43351712	43352212	Distal Intergenic	-13284	Sirt5	sirtuin 5
chr13:45748787-45749287	chr13	45748787	45749287	Intron (ENSMUST00000091628.10/20238, intron 4 of 7)	123001	Atxn1	ataxin 1
chr13:51553235-51553735	chr13	51553235	51553735	Intron (ENSMUST00000021898.5/20418, intron 1 of 11)	13349	Shc3	src homology 2 domain-containing transforming protein C3
chr13:55801295-55801795	chr13	55801295	55801795	Intron (ENSMUST00000021961.11/76856, intron 3 of 7)	16716	Catsper3	cation channel, sperm associated 3
chr13:58295694-58296194	chr13	58295694	58296194	Exon (ENSMUST00000180452.7/ENSMUST00000180452.7, exon 6 of 7)	16955	Mir6369	microRNA 6369
chr13:59119807-59120307	chr13	59119807	59120307	Intron (ENSMUST00000225488.1/18212, intron 16 of 17)	248072	Ntrk2	neurotrophic tyrosine kinase, receptor, type 2
chr13:62997836-62998336	chr13	62997836	62998336	Intron (ENSMUST00000222181.1/72061, intron 1 of 1)	-16598	Aopep	aminopeptidase O
chr13:63242402-63242902	chr13	63242402	63242902	Promoter (2-3kb)	2294	Aopep	aminopeptidase O
chr13:64359188-64359688	chr13	64359188	64359688	3' UTR	7367	Ctsl	cathepsin L
chr13:67213927-67214427	chr13	67213927	67214427	Distal Intergenic	15542	Zfp458	zinc finger protein 458
chr13:67870751-67871251	chr13	67870751	67871251	Distal Intergenic	7425	BC048507	cDNA sequence BC048507
chr13:68807674-68808174	chr13	68807674	68808174	Intron (ENSMUST00000022013.7/210044, intron 3 of 24)	191367	Adcy2	adenylate cyclase 2
chr13:70369559-70370059	chr13	70369559	70370059	Distal Intergenic	136737	4930520P13Rik	RIKEN cDNA 4930520P13 gene
chr13:71373125-71373625	chr13	71373125	71373625	Distal Intergenic	266036	Mir466f-4	microRNA 466f-4
chr13:75914166-75914666	chr13	75914166	75914666	Promoter (<=1kb)	-716	Rhobtb3	Rho-related BTB domain containing 3
chr13:77777217-77777717	chr13	77777217	77777717	Intron (ENSMUST00000163257.8/68675, intron 4 of 10)	68433	Arb2a	ARB2 cotranscriptional regulator A
chr13:80535865-80536365	chr13	80535865	80536365	Distal Intergenic	-347019	Arrdc3	arrestin domain containing 3
chr13:81094366-81094866	chr13	81094366	81094866	Intron (ENSMUST00000181043.7/319983, intron 1 of 2)	43185	9330111N05Rik	RIKEN cDNA 9330111N05 gene
chr13:81836590-81837090	chr13	81836590	81837090	Distal Intergenic	44613	Cetn3	centrin 3
chr13:82585918-82586418	chr13	82585918	82586418	Distal Intergenic	111915	Mir3961	microRNA 3961
chr13:91880134-91880634	chr13	91880134	91880634	3' UTR	-3249	Ckmt2	creatine kinase, mitochondrial 2
chr13:94797486-94797986	chr13	94797486	94797986	Intron (ENSMUST00000046644.6/21371, intron 1 of 3)	8576	Tbca	tubulin cofactor A
chr13:96993462-96993962	chr13	96993462	96993962	Distal Intergenic	40371	1700029F12Rik	RIKEN cDNA 1700029F12 gene
chr13:99793812-99794312	chr13	99793812	99794312	Distal Intergenic	106329	Cartpt	CART prepropeptide
chr13:99830639-99831139	chr13	99830639	99831139	Distal Intergenic	69502	Cartpt	CART prepropeptide
chr13:104656540-104657040	chr13	104656540	104657040	Intron (ENSMUST00000022228.12/67285, intron 13 of 13)	-135444	Srek1ip1	splicing regulatory glutamine/lysine-rich protein 1interacting protein 1
chr13:105333433-105333933	chr13	105333433	105333933	Distal Intergenic	-38618	Rnf180	ring finger protein 180
chr13:107873159-107873659	chr13	107873159	107873659	Intron (ENSMUST00000225822.1/67263, intron 1 of 12)	16405	Zswim6	zinc finger SWIM-type containing 6
chr13:108636471-108636971	chr13	108636471	108636971	Intron (ENSMUST00000133929.7/238871, intron 1 of 3)	-17206	Pde4d	phosphodiesterase 4D, cAMP specific
chr13:109577900-109578400	chr13	109577900	109578400	Intron (ENSMUST00000122041.7/238871, intron 3 of 16)	-3005	Pde4d	phosphodiesterase 4D, cAMP specific
chr13:111518096-111518596	chr13	111518096	111518596	Intron (ENSMUST00000231096.1/73274, intron 1 of 7)	-27985	Gpbp1	GC-rich promoter binding protein 1
chr13:112827205-112827705	chr13	112827205	112827705	Intron (ENSMUST00000016144.11/19012, intron 1 of 5)	26342	Plpp1	phospholipid phosphatase 1
chr13:114060200-114060700	chr13	114060200	114060700	Intron (ENSMUST00000091201.6/218639, intron 4 of 4)	90892	A430090L17Rik	RIKEN cDNA A430090L17 gene
chr13:118910815-118911315	chr13	118910815	118911315	Distal Intergenic	196116	Fgf10	fibroblast growth factor 10
chr13:119268236-119268736	chr13	119268236	119268736	Distal Intergenic	140216	Nnt	nicotinamide nucleotide transhydrogenase
chr14:8030116-8030616	chr14	8030116	8030616	Intron (ENSMUST00000166497.8/66082, intron 2 of 8)	27150	Abhd6	abhydrolase domain containing 6
chr14:10070620-10071120	chr14	10070620	10071120	Intron (ENSMUST00000161302.7/14198, intron 2 of 6)	184594	Mnd1-ps	Mnd1 retrotransposed pseudogene
chr14:12668365-12668865	chr14	12668365	12668865	Intron (ENSMUST00000224882.1/27062, intron 3 of 28)	-121964	Cadps	Ca2+-dependent secretion activator
chr14:12722759-12723259	chr14	12722759	12723259	Intron (ENSMUST00000224882.1/27062, intron 1 of 28)	99786	Cadps	Ca2+-dependent secretion activator
chr14:12823288-12823788	chr14	12823288	12823788	Promoter (<=1kb)	-209	Cadps	Ca2+-dependent secretion activator
chr14:14724661-14725161	chr14	14724661	14725161	Intron (ENSMUST00000057015.7/218756, intron 1 of 24)	5836	Slc4a7	solute carrier family 4, sodium bicarbonate cotransporter, member 7
chr14:18029008-18029508	chr14	18029008	18029508	Intron (ENSMUST00000091471.11/21834, intron 8 of 9)	47479	Thrb	thyroid hormone receptor beta
chr14:18226130-18226630	chr14	18226130	18226630	Intron (ENSMUST00000090543.5/353187, intron 1 of 7)	12381	Nr1d2	nuclear receptor subfamily 1, group D, member 2
chr14:18342669-18343169	chr14	18342669	18343169	Distal Intergenic	-10810	Ube2e1	ubiquitin-conjugating enzyme E2E 1
chr14:19990289-19990789	chr14	19990289	19990789	Distal Intergenic	-12662	Gng2	guanine nucleotide binding protein (G protein), gamma 2
chr14:25002021-25002521	chr14	25002021	25002521	Distal Intergenic	-106863	Gm32123	predicted gene, 32123
chr14:29455675-29456175	chr14	29455675	29456175	Intron (ENSMUST00000022567.8/12294, intron 4 of 37)	-94841	Cacna2d3	calcium channel, voltage-dependent, alpha2/delta subunit 3
chr14:29530556-29531056	chr14	29530556	29531056	Intron (ENSMUST00000022567.8/12294, intron 3 of 37)	-169722	Cacna2d3	calcium channel, voltage-dependent, alpha2/delta subunit 3
chr14:32860013-32860513	chr14	32860013	32860513	Intron (ENSMUST00000053175.12/320736, intron 1 of 7)	3257	Vstm4	V-set and transmembrane domain containing 4
chr14:35074543-35075043	chr14	35074543	35075043	Intron (ENSMUST00000043349.6/14803, intron 4 of 15)	179934	Mir346	microRNA 346
chr14:35287825-35288325	chr14	35287825	35288325	Intron (ENSMUST00000043349.6/14803, intron 5 of 15)	-162023	Grid1	glutamate receptor, ionotropic, delta 1
chr14:35430659-35431159	chr14	35430659	35431159	Intron (ENSMUST00000043349.6/14803, intron 8 of 15)	-19189	Grid1	glutamate receptor, ionotropic, delta 1
chr14:35560752-35561252	chr14	35560752	35561252	Intron (ENSMUST00000043349.6/14803, intron 13 of 15)	-8742	Grid1	glutamate receptor, ionotropic, delta 1
chr14:36155913-36156413	chr14	36155913	36156413	Distal Intergenic	60944	4930474N05Rik	RIKEN cDNA 4930474N05 gene
chr14:37165011-37165511	chr14	37165011	37165511	Distal Intergenic	-29739	Ghitm	growth hormone inducible transmembrane protein
chr14:47064616-47065116	chr14	47064616	47065116	Intron (ENSMUST00000022386.14/74480, intron 5 of 12)	-3858	Samd4	sterile alpha motif domain containing 4
chr14:47863092-47863592	chr14	47863092	47863592	Distal Intergenic	-35259	4930447J18Rik	RIKEN cDNA 4930447J18 gene
chr14:48741150-48741650	chr14	48741150	48741650	Intron (ENSMUST00000228153.1/606497, intron 2 of 4)	-67331	Otx2	orthodenticle homeobox 2
chr14:49405599-49406099	chr14	49405599	49406099	Intron (ENSMUST00000138884.7/75288, intron 1 of 8)	-91390	Slc35f4	solute carrier family 35, member F4
chr14:54116457-54116957	chr14	54116457	54116957	Intron (ENSMUST00000198124.4/ENSMUST00000198124.4, intron 1 of 2)	136957	Dad1	defender against cell death 1
chr14:56306310-56306810	chr14	56306310	56306810	Distal Intergenic	-44050	Gzmb	granzyme B
chr14:68806921-68807421	chr14	68806921	68807421	Distal Intergenic	-151079	Adam28	a disintegrin and metallopeptidase domain 28
chr14:75645421-75645921	chr14	75645421	75645921	Intron (ENSMUST00000238633.1/75272, intron 1 of 13)	3162	Erich6b	glutamate rich 6B
chr14:78066047-78066547	chr14	78066047	78066547	Distal Intergenic	22434	Fam216b	family with sequence similarity 216, member B
chr14:82313576-82314076	chr14	82313576	82314076	Distal Intergenic	1761214	Gm32455	predicted gene, 32455
chr14:87638052-87638552	chr14	87638052	87638552	Distal Intergenic	98953	Tdrd3	tudor domain containing 3
chr14:92963167-92963667	chr14	92963167	92963667	Distal Intergenic	922081	Pcdh9	protocadherin 9
chr14:93040703-93041203	chr14	93040703	93041203	Intron (ENSMUST00000195826.5/211712, intron 4 of 4)	844545	Pcdh9	protocadherin 9
chr14:96233647-96234147	chr14	96233647	96234147	Intron (ENSMUST00000022666.8/93688, intron 6 of 10)	284955	Klhl1	kelch-like 1
chr14:103121669-103122169	chr14	103121669	103122169	Intron (ENSMUST00000161008.7/105689, intron 24 of 27)	-6273	Mycbp2	MYC binding protein 2, E3 ubiquitin protein ligase
chr14:103234522-103235022	chr14	103234522	103235022	Intron (ENSMUST00000160758.7/105689, intron 26 of 82)	40773	Mycbp2	MYC binding protein 2, E3 ubiquitin protein ligase
chr14:103494657-103495157	chr14	103494657	103495157	Intron (ENSMUST00000227693.1/ENSMUST00000227693.1, intron 1 of 2)	-18185	Scel	sciellin
chr14:103775218-103775718	chr14	103775218	103775718	Distal Intergenic	67977	Ednrb	endothelin receptor type B
chr14:103795375-103795875	chr14	103795375	103795875	Distal Intergenic	47820	Ednrb	endothelin receptor type B
chr14:103888608-103889108	chr14	103888608	103889108	Distal Intergenic	-44206	Ednrb	endothelin receptor type B
chr14:105162289-105162789	chr14	105162289	105162789	Intron (ENSMUST00000163545.7/74213, intron 1 of 21)	14071	Rbm26	RNA binding motif protein 26
chr14:105988554-105989054	chr14	105988554	105989054	Distal Intergenic	-91735	Spry2	sprouty RTK signaling antagonist 2
chr14:106011404-106011904	chr14	106011404	106011904	Distal Intergenic	-94294	Trim52	tripartite motif-containing 52
chr14:106219128-106219628	chr14	106219128	106219628	Distal Intergenic	112929	Trim52	tripartite motif-containing 52
chr14:109610657-109611157	chr14	109610657	109611157	Distal Intergenic	-696499	Slitrk1	SLIT and NTRK-like family, member 1
chr14:111877796-111878296	chr14	111877796	111878296	Distal Intergenic	201947	Slitrk5	SLIT and NTRK-like family, member 5
chr14:112157198-112157698	chr14	112157198	112157698	Distal Intergenic	481349	Slitrk5	SLIT and NTRK-like family, member 5
chr14:114442805-114443305	chr14	114442805	114443305	Distal Intergenic	-388660	4930524C18Rik	RIKEN cDNA 4930524C18 gene
chr14:115989273-115989773	chr14	115989273	115989773	Intron (ENSMUST00000176912.7/103978, intron 7 of 7)	-579721	4930505G20Rik	RIKEN cDNA 4930505G20 gene
chr15:12875608-12876108	chr15	12875608	12876108	Promoter (2-3kb)	-2600	Drosha	drosha, ribonuclease type III
chr15:13859079-13859579	chr15	13859079	13859579	Distal Intergenic	-685404	Cdh6	cadherin 6
chr15:16810785-16811285	chr15	16810785	16811285	Intron (ENSMUST00000228307.1/12565, intron 2 of 11)	32684	Cdh9	cadherin 9
chr15:22176567-22177067	chr15	22176567	22177067	Distal Intergenic	-371955	Cdh18	cadherin 18
chr15:25546107-25546607	chr15	25546107	25546607	Intron (ENSMUST00000228618.1/ENSMUST00000228618.1, intron 3 of 5)	-75918	Myo10	myosin X
chr15:25645948-25646448	chr15	25645948	25646448	Intron (ENSMUST00000110457.7/17909, intron 1 of 40)	23399	Myo10	myosin X
chr15:25727065-25727565	chr15	25727065	25727565	Intron (ENSMUST00000110457.7/17909, intron 9 of 40)	13194	Myo10	myosin X
chr15:25760161-25760661	chr15	25760161	25760661	Promoter (1-2kb)	1376	Myo10	myosin X
chr15:31190392-31190892	chr15	31190392	31190892	Distal Intergenic	-33422	Dap	death-associated protein
chr15:33759652-33760152	chr15	33759652	33760152	Distal Intergenic	-71768	Tspyl5	testis-specific protein, Y-encoded-like 5
chr15:35774620-35775120	chr15	35774620	35775120	Intron (ENSMUST00000048646.8/666173, intron 36 of 61)	-59095	Vps13b	vacuolar protein sorting 13B
chr15:38710261-38710761	chr15	38710261	38710761	Distal Intergenic	17755	Gm45924	predicted gene, 45924
chr15:38920055-38920555	chr15	38920055	38920555	Distal Intergenic	-12589	Baalc	brain and acute leukemia, cytoplasmic
chr15:39949193-39949693	chr15	39949193	39949693	Distal Intergenic	-5199	Lrp12	low density lipoprotein-related protein 12
chr15:41158827-41159327	chr15	41158827	41159327	Distal Intergenic	-14160	4930555K19Rik	leucine rich repeat and sterile alpha motif containing 1 pseudogene
chr15:43717469-43717969	chr15	43717469	43717969	Distal Intergenic	152067	Tmem74	transmembrane protein 74
chr15:44561080-44561580	chr15	44561080	44561580	Intron (ENSMUST00000038336.11/192190, intron 56 of 76)	-30340	Pkhd1l1	polycystic kidney and hepatic disease 1-like 1
chr15:52303116-52303616	chr15	52303116	52303616	Intron (ENSMUST00000037240.2/239436, intron 1 of 7)	7563	Slc30a8	solute carrier family 30 (zinc transporter), member 8
chr15:52707250-52707750	chr15	52707250	52707750	Distal Intergenic	-4658	Med30	mediator complex subunit 30
chr15:53001636-53002136	chr15	53001636	53002136	Distal Intergenic	105732	Ext1	exostosin glycosyltransferase 1
chr15:64691630-64692130	chr15	64691630	64692130	Distal Intergenic	230141	Adcy8	adenylate cyclase 8
chr15:66732962-66733462	chr15	66732962	66733462	Promoter (2-3kb)	-2788	Tg	thyroglobulin
chr15:68457020-68457520	chr15	68457020	68457520	Distal Intergenic	-115731	Mir30d	microRNA 30d
chr15:69092394-69092894	chr15	69092394	69092894	Intron (ENSMUST00000022954.6/13992, intron 8 of 8)	162326	Khdrbs3	KH domain containing, RNA binding, signal transduction associated 3
chr15:71962074-71962574	chr15	71962074	71962574	Intron (ENSMUST00000159993.7/69700, intron 12 of 63)	-7675	Col22a1	collagen, type XXII, alpha 1
chr15:72651839-72652339	chr15	72651839	72652339	Intron (ENSMUST00000023276.15/76510, intron 20 of 21)	-105499	Kcnk9	potassium channel, subfamily K, member 9
chr15:72981600-72982100	chr15	72981600	72982100	Intron (ENSMUST00000023276.15/76510, intron 8 of 21)	73710	Trappc9	trafficking protein particle complex 9
chr15:82317755-82318255	chr15	82317755	82318255	Distal Intergenic	12667	Naga	N-acetyl galactosaminidase, alpha
chr15:84839533-84840033	chr15	84839533	84840033	Intron (ENSMUST00000016768.11/271305, intron 2 of 12)	15077	Phf21b	PHD finger protein 21B
chr15:86169761-86170261	chr15	86169761	86170261	Intron (ENSMUST00000044332.15/223753, intron 1 of 12)	-10293	Cerk	ceramide kinase
chr15:86294094-86294594	chr15	86294094	86294594	Intron (ENSMUST00000063414.8/223754, intron 5 of 12)	58589	Tbc1d22a	TBC1 domain family, member 22a
chr15:90935327-90935827	chr15	90935327	90935827	Exon (ENSMUST00000100304.10/16564, exon 36 of 37)	15479	Kif21a	kinesin family member 21A
chr15:91020425-91020925	chr15	91020425	91020925	Intron (ENSMUST00000100304.10/16564, intron 1 of 36)	28893	Kif21a	kinesin family member 21A
chr15:92165843-92166343	chr15	92165843	92166343	Intron (ENSMUST00000141187.7/12805, intron 1 of 8)	4486	Cntn1	contactin 1
chr15:97741255-97741755	chr15	97741255	97741755	Distal Intergenic	7117	Rapgef3	Rap guanine nucleotide exchange factor (GEF) 3
chr15:99931352-99931852	chr15	99931352	99931852	Promoter (<=1kb)	0	Fam186a	family with sequence similarity 186, member A
chr16:4508888-4509388	chr16	4508888	4509388	Intron (ENSMUST00000090500.9/106393, intron 1 of 5)	13675	Srl	sarcalumenin
chr16:7206101-7206601	chr16	7206101	7206601	Intron (ENSMUST00000230658.1/268859, intron 4 of 11)	12354	Rbfox1	RNA binding protein, fox-1 homolog (C. elegans) 1
chr16:12490715-12491215	chr16	12490715	12491215	Distal Intergenic	-309364	1700003L19Rik	RIKEN cDNA 1700003L19 gene
chr16:12810870-12811370	chr16	12810870	12811370	Promoter (<=1kb)	-20	1700003L19Rik	RIKEN cDNA 1700003L19 gene
chr16:12837663-12838163	chr16	12837663	12838163	Intron (ENSMUST00000190074.1/75493, intron 3 of 4)	26273	1700003L19Rik	RIKEN cDNA 1700003L19 gene
chr16:15932253-15932753	chr16	15932253	15932753	Intron (ENSMUST00000040248.8/224008, intron 11 of 19)	44967	Cebpd	CCAAT/enhancer binding protein delta
chr16:17336417-17336917	chr16	17336417	17336917	Exon (ENSMUST00000023450.14/15160, exon 2 of 5)	5034	Serpind1	serine (or cysteine) peptidase inhibitor, clade D, member 1
chr16:21219637-21220137	chr16	21219637	21220137	Promoter (1-2kb)	-1549	Ephb3	Eph receptor B3
chr16:23166860-23167360	chr16	23166860	23167360	Distal Intergenic	-7920	C730014E05Rik	RIKEN cDNA C730014E05 gene
chr16:25361563-25362063	chr16	25361563	25362063	Intron (ENSMUST00000056087.3/71338, intron 4 of 5)	74742	Tprg1	transformation related protein 63 regulated 1
chr16:26049522-26050022	chr16	26049522	26050022	Intron (ENSMUST00000039990.5/210530, intron 1 of 14)	-34929	P3h2	prolyl 3-hydroxylase 2
chr16:26630760-26631260	chr16	26630760	26631260	Intron (ENSMUST00000096129.8/16180, intron 2 of 10)	6604	Il1rap	interleukin 1 receptor accessory protein
chr16:31807019-31807519	chr16	31807019	31807519	Intron (ENSMUST00000115205.8/13383, intron 13 of 25)	15248	Dlg1	discs large MAGUK scaffold protein 1
chr16:33594604-33595104	chr16	33594604	33595104	Promoter (1-2kb)	-1458	Slc12a8	solute carrier family 12 (potassium/chloride transporters), member 8
chr16:35857503-35858003	chr16	35857503	35858003	Exon (ENSMUST00000042665.8/547253, exon 6 of 17)	13379	Parp14	poly (ADP-ribose) polymerase family, member 14
chr16:37110753-37111253	chr16	37110753	37111253	Distal Intergenic	24838	Polq	polymerase (DNA directed), theta
chr16:37504336-37504836	chr16	37504336	37504836	Distal Intergenic	34940	Gtf2e1	general transcription factor II E, polypeptide 1 (alpha subunit)
chr16:37591211-37591711	chr16	37591211	37591711	Intron (ENSMUST00000160847.1/15233, intron 3 of 13)	10929	Hgd	homogentisate 1, 2-dioxygenase
chr16:45370958-45371458	chr16	45370958	45371458	Distal Intergenic	28854	Cd200	CD200 molecule
chr16:49196540-49197040	chr16	49196540	49197040	Exon (ENSMUST00000168680.1/667772, exon 40 of 41)	139054	Myh15	myosin, heavy chain 15
chr16:49923272-49923772	chr16	49923272	49923772	Distal Intergenic	56439	Cd47	CD47 antigen (Rh-related antigen, integrin-associated signal transducer)
chr16:55631856-55632356	chr16	55631856	55632356	Distal Intergenic	137125	Mir5118	microRNA 5118
chr16:55754039-55754539	chr16	55754039	55754539	Distal Intergenic	67599	Nfkbiz	nuclear factor of kappa light polypeptide gene enhancer in B cells inhibitor, zeta
chr16:55756937-55757437	chr16	55756937	55757437	Distal Intergenic	64701	Nfkbiz	nuclear factor of kappa light polypeptide gene enhancer in B cells inhibitor, zeta
chr16:57478563-57479063	chr16	57478563	57479063	Intron (ENSMUST00000159816.7/78749, intron 1 of 4)	-70179	Filip1l	filamin A interacting protein 1-like
chr16:57487625-57488125	chr16	57487625	57488125	Intron (ENSMUST00000159816.7/78749, intron 1 of 4)	-61117	Filip1l	filamin A interacting protein 1-like
chr16:58389354-58389854	chr16	58389354	58389854	Distal Intergenic	-18589	Dcbld2	discoidin, CUB and LCCL domain containing 2
chr16:63958267-63958767	chr16	63958267	63958767	Distal Intergenic	-94092	Epha3	Eph receptor A3
chr16:70760127-70760627	chr16	70760127	70760627	Distal Intergenic	142088	D16Ertd519e	DNA segment, Chr 16, ERATO Doi 519, expressed
chr16:70799413-70799913	chr16	70799413	70799913	Distal Intergenic	181374	D16Ertd519e	DNA segment, Chr 16, ERATO Doi 519, expressed
chr16:71583028-71583528	chr16	71583028	71583528	Distal Intergenic	333144	4930567J20Rik	RIKEN cDNA 4930567J20 gene
chr16:73512571-73513071	chr16	73512571	73513071	Distal Intergenic	386814	Robo2	roundabout guidance receptor 2
chr16:73555783-73556283	chr16	73555783	73556283	Distal Intergenic	343602	Robo2	roundabout guidance receptor 2
chr16:74061795-74062295	chr16	74061795	74062295	Exon (ENSMUST00000231944.1/ENSMUST00000231944.1, exon 1 of 1)	-33906	Robo2	roundabout guidance receptor 2
chr16:76162679-76163179	chr16	76162679	76163179	Distal Intergenic	40024	4930578N18Rik	RIKEN cDNA 4930578N18 gene
chr16:79720737-79721237	chr16	79720737	79721237	Distal Intergenic	-278139	1700066C05Rik	RIKEN cDNA 1700066C05 gene
chr16:82572700-82573200	chr16	82572700	82573200	Distal Intergenic	1107077	Ncam2	neural cell adhesion molecule 2
chr16:83253053-83253553	chr16	83253053	83253553	Distal Intergenic	-1117590	4930553E22Rik	RIKEN cDNA 4930553E22 gene
chr16:83316358-83316858	chr16	83316358	83316858	Distal Intergenic	-1054285	4930553E22Rik	RIKEN cDNA 4930553E22 gene
chr16:83420878-83421378	chr16	83420878	83421378	Distal Intergenic	-949765	4930553E22Rik	RIKEN cDNA 4930553E22 gene
chr16:84522453-84522953	chr16	84522453	84522953	3' UTR	151310	4930553E22Rik	RIKEN cDNA 4930553E22 gene
chr16:93514445-93514945	chr16	93514445	93514945	Distal Intergenic	-55573	1700029J03Rik	RIKEN cDNA 1700029J03 gene
chr16:94436597-94437097	chr16	94436597	94437097	Promoter (2-3kb)	-2996	Ttc3	tetratricopeptide repeat domain 3
chr16:95190935-95191435	chr16	95190935	95191435	Intron (ENSMUST00000232091.1/102633941, intron 3 of 4)	-66123	Kcnj15	potassium inwardly-rectifying channel, subfamily J, member 15
chr16:95714832-95715332	chr16	95714832	95715332	Promoter (<=1kb)	-522	Ets2	Ets proto-oncogene 2, transcription factor
chr16:96901375-96901875	chr16	96901375	96901875	Intron (ENSMUST00000056102.8/13508, intron 3 of 32)	268877	Dscam	DS cell adhesion molecule
chr17:6207135-6207635	chr17	6207135	6207635	Intron (ENSMUST00000149756.7/68842, intron 6 of 13)	-25017	Tulp4	TUB like protein 4
chr17:7696991-7697491	chr17	7696991	7697491	Distal Intergenic	63524	Fndc1	fibronectin type III domain containing 1
chr17:11510832-11511332	chr17	11510832	11511332	Intron (ENSMUST00000066658.12/50873, intron 6 of 6)	207185	Prkn	parkin RBR E3 ubiquitin protein ligase
chr17:17795087-17795587	chr17	17795087	17795587	Distal Intergenic	-31571	Spaca6	sperm acrosome associated 6
chr17:17889871-17890371	chr17	17889871	17890371	Promoter (1-2kb)	1983	Fpr2	formyl peptide receptor 2
chr17:24057247-24057747	chr17	24057247	24057747	Promoter (2-3kb)	2570	Kctd5	potassium channel tetramerisation domain containing 5
chr17:28078234-28078734	chr17	28078234	28078734	Promoter (<=1kb)	0	Tcp11	t-complex protein 11
chr17:29981441-29981941	chr17	29981441	29981941	Exon (ENSMUST00000234695.1/ENSMUST00000234695.1, exon 2 of 2)	-11354	Mdga1	MAM domain containing glycosylphosphatidylinositol anchor 1
chr17:36978993-36979493	chr17	36978993	36979493	Promoter (1-2kb)	1724	2410137M14Rik	RIKEN cDNA 2410137M14 gene
chr17:40858570-40859070	chr17	40858570	40859070	Intron (ENSMUST00000182867.1/ENSMUST00000182867.1, intron 2 of 7)	21488	9130008F23Rik	RIKEN cDNA 9130008F23 gene
chr17:42345825-42346325	chr17	42345825	42346325	Intron (ENSMUST00000048691.5/627626, intron 2 of 3)	29225	Ptchd4	patched domain containing 4
chr17:42363498-42363998	chr17	42363498	42363998	Intron (ENSMUST00000048691.5/627626, intron 2 of 3)	46898	Ptchd4	patched domain containing 4
chr17:42424483-42424983	chr17	42424483	42424983	Intron (ENSMUST00000048691.5/627626, intron 3 of 3)	107883	Ptchd4	patched domain containing 4
chr17:42911785-42912285	chr17	42911785	42912285	Distal Intergenic	-35120	Cd2ap	CD2-associated protein
chr17:43719132-43719632	chr17	43719132	43719632	Intron (ENSMUST00000170988.1/56050, intron 7 of 11)	-12311	Cyp39a1	cytochrome P450, family 39, subfamily a, polypeptide 1
chr17:44653298-44653798	chr17	44653298	44653798	Intron (ENSMUST00000162816.7/12393, intron 3 of 5)	80895	Runx2	runt related transcription factor 2
chr17:50480681-50481181	chr17	50480681	50481181	Distal Intergenic	-28222	Plcl2	phospholipase C-like 2
chr17:54158699-54159199	chr17	54158699	54159199	Distal Intergenic	120005	Slc5a7	solute carrier family 5 (choline transporter), member 7
chr17:56051384-56051884	chr17	56051384	56051884	Intron (ENSMUST00000002914.9/27221, intron 3 of 13)	4570	Chaf1a	chromatin assembly factor 1, subunit A
chr17:56552681-56553181	chr17	56552681	56553181	Promoter (1-2kb)	1206	Tincr	TINCR ubiquitin domain containing
chr17:57890103-57890603	chr17	57890103	57890603	Intron (ENSMUST00000076038.6/620292, intron 2 of 23)	120533	Cntnap5c	contactin associated protein-like 5C
chr17:61665220-61665720	chr17	61665220	61665720	Distal Intergenic	1215424	Efna5	ephrin A5
chr17:63909108-63909608	chr17	63909108	63909608	Intron (ENSMUST00000233225.1/14158, intron 2 of 4)	13086	Fer	FER tyrosine kinase
chr17:66686703-66687203	chr17	66686703	66687203	Intron (ENSMUST00000037974.9/19274, intron 29 of 32)	6830	Ptprm	protein tyrosine phosphatase receptor type M
chr17:69045979-69046479	chr17	69045979	69046479	Distal Intergenic	-29204	Epb41l3	erythrocyte membrane protein band 4.1 like 3
chr17:69364751-69365251	chr17	69364751	69365251	Distal Intergenic	-17799	Zbtb14	zinc finger and BTB domain containing 14
chr17:69466789-69467289	chr17	69466789	69467289	Intron (ENSMUST00000169935.1/320722, intron 1 of 1)	26955	Akain1	A kinase anchor inhibitor 1
chr17:71134855-71135355	chr17	71134855	71135355	Distal Intergenic	13951	Myom1	myomesin 1
chr17:71319089-71319589	chr17	71319089	71319589	Intron (ENSMUST00000233188.1/ENSMUST00000233188.1, intron 1 of 2)	-7533	Emilin2	elastin microfibril interfacer 2
chr17:73186260-73186760	chr17	73186260	73186760	Intron (ENSMUST00000149064.8/225010, intron 3 of 4)	-17390	Lclat1	lysocardiolipin acyltransferase 1
chr17:73842802-73843302	chr17	73842802	73843302	Distal Intergenic	37961	Ehd3	EH-domain containing 3
chr17:74931593-74932093	chr17	74931593	74932093	Distal Intergenic	69672	Ttc27	tetratricopeptide repeat domain 27
chr17:77629397-77629897	chr17	77629397	77629897	Distal Intergenic	-570351	Crim1	cysteine rich transmembrane BMP regulator 1
chr17:78287758-78288258	chr17	78287758	78288258	Intron (ENSMUST00000112498.2/50766, intron 4 of 16)	7575	Crim1	cysteine rich transmembrane BMP regulator 1
chr17:83744530-83745030	chr17	83744530	83745030	Intron (ENSMUST00000112350.7/116871, intron 4 of 13)	-10604	Mta3	metastasis associated 3
chr17:85363835-85364335	chr17	85363835	85364335	Intron (ENSMUST00000095188.6/73582, intron 3 of 10)	-249273	Six3	sine oculis-related homeobox 3
chr17:85866990-85867490	chr17	85866990	85867490	Intron (ENSMUST00000234707.1/ENSMUST00000234707.1, intron 2 of 2)	172874	Srbd1	S1 RNA binding domain 1
chr17:86013962-86014462	chr17	86013962	86014462	Intron (ENSMUST00000234761.1/78586, intron 1 of 4)	25902	Srbd1	S1 RNA binding domain 1
chr17:86663400-86663900	chr17	86663400	86663900	Distal Intergenic	-89800	Epas1	endothelial PAS domain protein 1
chr17:86924617-86925117	chr17	86924617	86925117	Distal Intergenic	6208	Tmem247	transmembrane protein 247
chr17:89450789-89451289	chr17	89450789	89451289	Distal Intergenic	71548	Gm4719	predicted gene 4719
chr17:90127427-90127927	chr17	90127427	90127927	Intron (ENSMUST00000072671.13/18189, intron 19 of 20)	-39027	Nrxn1	neurexin I
chr17:94393682-94394182	chr17	94393682	94394182	Distal Intergenic	355710	Mettl4	methyltransferase 4, N6-adenosine
chr17:94656510-94657010	chr17	94656510	94657010	Distal Intergenic	92882	Mettl4	methyltransferase 4, N6-adenosine
chr17:94778888-94779388	chr17	94778888	94779388	Intron (ENSMUST00000234189.1/100038746, intron 3 of 4)	-14347	Gm1976	predicted gene 1976
chr18:12965902-12966402	chr18	12965902	12966402	Intron (ENSMUST00000234763.1/16210, intron 1 of 5)	-5521	Impact	impact, RWD domain protein
chr18:19531918-19532418	chr18	19531918	19532418	Distal Intergenic	469537	Dsc3	desmocollin 3
chr18:19545347-19545847	chr18	19545347	19545847	Distal Intergenic	456108	Dsc3	desmocollin 3
chr18:20575872-20576372	chr18	20575872	20576372	Intron (ENSMUST00000059787.14/13511, intron 3 of 14)	17626	Dsg2	desmoglein 2
chr18:21038730-21039230	chr18	21038730	21039230	Distal Intergenic	-22693	Mep1b	meprin 1 beta
chr18:24802414-24802914	chr18	24802414	24802914	Intron (ENSMUST00000037097.8/225288, intron 3 of 26)	92969	Fhod3	formin homology 2 domain containing 3
chr18:25242514-25243014	chr18	25242514	25243014	Intron (ENSMUST00000159605.7/225289, intron 4 of 8)	8599	AW554918	expressed sequence AW554918
chr18:25795702-25796202	chr18	25795702	25796202	Distal Intergenic	-41545	Celf4	CUGBP, Elav-like family member 4
chr18:28367918-28368418	chr18	28367918	28368418	Distal Intergenic	-494432	4930474G06Rik	RIKEN cDNA 4930474G06 gene
chr18:29299989-29300489	chr18	29299989	29300489	Distal Intergenic	-141711	4930527G23Rik	RIKEN cDNA 4930527G23 gene
chr18:29569927-29570427	chr18	29569927	29570427	Distal Intergenic	-73358	4930578E11Rik	RIKEN cDNA 4930578E11 gene
chr18:33766158-33766658	chr18	33766158	33766658	Distal Intergenic	-28234	Epb41l4aos	erythrocyte membrane protein band 4.1 like 4a, opposite strand
chr18:35676262-35676762	chr18	35676262	35676762	Intron (ENSMUST00000025208.6/76594, intron 7 of 7)	9981	Dnajc18	DnaJ heat shock protein family (Hsp40) member C18
chr18:38206136-38206636	chr18	38206136	38206636	Promoter (2-3kb)	-2296	Pcdh1	protocadherin 1
chr18:38268142-38268642	chr18	38268142	38268642	3' UTR	9317	Pcdh12	protocadherin 12
chr18:38475455-38475955	chr18	38475455	38475955	Distal Intergenic	24145	Ndfip1	Nedd4 family interacting protein 1
chr18:41208775-41209275	chr18	41208775	41209275	Distal Intergenic	685676	Kctd16	potassium channel tetramerisation domain containing 16
chr18:43219521-43220021	chr18	43219521	43220021	Intron (ENSMUST00000045477.5/269019, intron 2 of 12)	11844	Stk32a	serine/threonine kinase 32A
chr18:46967091-46967591	chr18	46967091	46967591	Intron (ENSMUST00000049388.8/69456, intron 3 of 6)	3535	Commd10	COMM domain containing 10
chr18:47065473-47065973	chr18	47065473	47065973	Intron (ENSMUST00000049388.8/69456, intron 5 of 6)	101917	Commd10	COMM domain containing 10
chr18:47166086-47166586	chr18	47166086	47166586	Intron (ENSMUST00000234124.1/69456, intron 6 of 6)	114609	Sema6a	sema domain, transmembrane domain (TM), and cytoplasmic domain, (semaphorin) 6A
chr18:50010771-50011271	chr18	50010771	50011271	Intron (ENSMUST00000148989.2/106869, intron 1 of 1)	-8296	Tnfaip8	tumor necrosis factor, alpha-induced protein 8
chr18:50212444-50212944	chr18	50212444	50212944	Distal Intergenic	21120	Hsd17b4	hydroxysteroid (17-beta) dehydrogenase 4
chr18:53903386-53903886	chr18	53903386	53903886	Intron (ENSMUST00000069597.7/70425, intron 3 of 12)	-28358	Csnk1g3	casein kinase 1, gamma 3
chr18:57920219-57920719	chr18	57920219	57920719	Intron (ENSMUST00000115366.2/20496, intron 16 of 26)	41541	Slc12a2	solute carrier family 12, member 2
chr18:65555768-65556268	chr18	65555768	65556268	Distal Intergenic	-23644	Zfp532	zinc finger protein 532
chr18:66335861-66336361	chr18	66335861	66336361	Distal Intergenic	-33120	Ccbe1	collagen and calcium binding EGF domains 1
chr18:67060001-67060501	chr18	67060001	67060501	Distal Intergenic	-27715	Gnal	guanine nucleotide binding protein, alpha stimulating, olfactory type
chr18:69436113-69436613	chr18	69436113	69436613	Intron (ENSMUST00000203002.3/21413, intron 3 of 6)	20216	Tcf4	transcription factor 4
chr18:69689739-69690239	chr18	69689739	69690239	Distal Intergenic	7359	Tcf4	transcription factor 4
chr18:78025581-78026081	chr18	78025581	78026081	Intron (ENSMUST00000044622.6/100502841, intron 39 of 43)	-4108	Epg5	ectopic P-granules 5 autophagy tethering factor
chr18:78300722-78301222	chr18	78300722	78301222	Intron (ENSMUST00000237674.1/27411, intron 3 of 21)	-91628	Slc14a2	solute carrier family 14 (urea transporter), member 2
chr18:80758526-80759026	chr18	80758526	80759026	Promoter (<=1kb)	961	Atp9b	ATPase, class II, type 9B
chr18:84332949-84333449	chr18	84332949	84333449	Intron (ENSMUST00000125450.8/240476, intron 2 of 2)	78971	Zfp407	zinc finger protein 407
chr18:85501744-85502244	chr18	85501744	85502244	Distal Intergenic	536234	Fbxo15	F-box protein 15
chr18:87399611-87400111	chr18	87399611	87400111	Distal Intergenic	686563	Cbln2	cerebellin 2 precursor protein
chr19:6005517-6006017	chr19	6005517	6006017	Intron (ENSMUST00000025891.9/12333, intron 10 of 21)	-6603	Gm10814	predicted gene 10814
chr19:10996413-10996913	chr19	10996413	10996913	Distal Intergenic	-3163	Ms4a15	membrane-spanning 4-domains, subfamily A, member 15
chr19:11431504-11432004	chr19	11431504	11432004	Distal Intergenic	-11549	Ms4a4b	membrane-spanning 4-domains, subfamily A, member 4B
chr19:15880971-15881471	chr19	15880971	15881471	Distal Intergenic	28241	Psat1	phosphoserine aminotransferase 1
chr19:16997919-16998419	chr19	16997919	16998419	Intron (ENSMUST00000224145.1/353211, intron 1 of 6)	41801	Prune2	prune homolog 2
chr19:18623854-18624354	chr19	18623854	18624354	Intron (ENSMUST00000236615.1/20409, intron 1 of 10)	7364	Ostf1	osteoclast stimulating factor 1
chr19:18969155-18969655	chr19	18969155	18969655	Intron (ENSMUST00000040153.14/225998, intron 4 of 9)	31445	Rorb	RAR-related orphan receptor beta
chr19:20402711-20403211	chr19	20402711	20403211	Promoter (2-3kb)	-2075	1500015L24Rik	RIKEN cDNA 1500015L24 gene
chr19:20413780-20414280	chr19	20413780	20414280	Promoter (2-3kb)	2510	1500015L24Rik	RIKEN cDNA 1500015L24 gene
chr19:20614239-20614739	chr19	20614239	20614739	Intron (ENSMUST00000225337.2/11668, intron 5 of 15)	12278	Aldh1a1	aldehyde dehydrogenase family 1, subfamily A1
chr19:21032246-21032746	chr19	21032246	21032746	Distal Intergenic	-71756	4930554I06Rik	RIKEN cDNA 4930554I06 gene
chr19:21127140-21127640	chr19	21127140	21127640	Intron (ENSMUST00000237231.1/ENSMUST00000237231.1, intron 2 of 4)	22430	4930554I06Rik	RIKEN cDNA 4930554I06 gene
chr19:24105772-24106272	chr19	24105772	24106272	Intron (ENSMUST00000233027.1/21873, intron 17 of 22)	36810	Tjp2	tight junction protein 2
chr19:25013576-25014076	chr19	25013576	25014076	Intron (ENSMUST00000025831.7/76088, intron 1 of 47)	14032	Dock8	dedicator of cytokinesis 8
chr19:25208036-25208536	chr19	25208036	25208536	Distal Intergenic	-28439	Kank1	KN motif and ankyrin repeat domains 1
chr19:27260451-27260951	chr19	27260451	27260951	Exon (ENSMUST00000235357.1/ENSMUST00000235357.1, exon 2 of 2)	21677	Vldlr	very low density lipoprotein receptor
chr19:27312598-27313098	chr19	27312598	27313098	Distal Intergenic	-9490	Kcnv2	potassium channel, subfamily V, member 2
chr19:28087270-28087770	chr19	28087270	28087770	Distal Intergenic	-76104	Rfx3	regulatory factor X, 3 (influences HLA class II expression)
chr19:29156676-29157176	chr19	29156676	29157176	Distal Intergenic	21397	Mir101b	microRNA 101b
chr19:31812208-31812708	chr19	31812208	31812708	Distal Intergenic	-47175	Prkg1	protein kinase, cGMP-dependent, type I
chr19:32088148-32088648	chr19	32088148	32088648	Intron (ENSMUST00000237104.1/54447, intron 2 of 23)	14476	Asah2	N-acylsphingosine amidohydrolase 2
chr19:34119946-34120446	chr19	34119946	34120446	Intron (ENSMUST00000237637.1/78753, intron 8 of 8)	19006	Lipm	lipase, family member M
chr19:37320939-37321439	chr19	37320939	37321439	Intron (ENSMUST00000131070.1/15925, intron 3 of 23)	-7366	Ide	insulin degrading enzyme
chr19:37553485-37553985	chr19	37553485	37553985	Intron (ENSMUST00000238954.1/107371, intron 2 of 22)	3026	Exoc6	exocyst complex component 6
chr19:38298532-38299032	chr19	38298532	38299032	Intron (ENSMUST00000198518.4/56839, intron 5 of 7)	33122	Lgi1	leucine-rich repeat LGI family, member 1
chr19:38460457-38460957	chr19	38460457	38460957	Distal Intergenic	-20164	Plce1	phospholipase C, epsilon 1
chr19:38766248-38766748	chr19	38766248	38766748	Intron (ENSMUST00000182481.7/74055, intron 25 of 32)	31334	Plce1	phospholipase C, epsilon 1
chr19:38787566-38788066	chr19	38787566	38788066	Distal Intergenic	31171	Noc3l	NOC3 like DNA replication regulator
chr19:40231363-40231863	chr19	40231363	40231863	Promoter (<=1kb)	-558	Pdlim1	PDZ and LIM domain 1 (elfin)
chr19:40793380-40793880	chr19	40793380	40793880	Intron (ENSMUST00000207801.1/ENSMUST00000207801.1, intron 16 of 25)	-37399	Ccnj	cyclin J
chr19:47463679-47464179	chr19	47463679	47464179	Promoter (<=1kb)	68	Sh3pxd2a	SH3 and PX domains 2A
chr19:49263876-49264376	chr19	49263876	49264376	Distal Intergenic	559660	Sorcs3	sortilin-related VPS10 domain containing receptor 3
chr19:54248469-54248969	chr19	54248469	54248969	Distal Intergenic	204318	Adra2a	adrenergic receptor, alpha 2a
chr19:58033059-58033559	chr19	58033059	58033559	Intron (ENSMUST00000077282.6/226255, intron 27 of 28)	-17608	Mir5623	microRNA 5623
chr19:58338055-58338555	chr19	58338055	58338555	Intron (ENSMUST00000026076.13/14585, intron 5 of 10)	115911	Gfra1	glial cell line derived neurotrophic factor family receptor alpha 1
chr19:59958918-59959418	chr19	59958918	59959418	Distal Intergenic	-15264	Rab11fip2	RAB11 family interacting protein 2 (class I)
chr19:60116397-60116897	chr19	60116397	60116897	Distal Intergenic	-27778	E330013P04Rik	RIKEN cDNA E330013P04 gene
chr2:3877255-3877755	chr2	3877255	3877755	Exon (ENSMUST00000141222.1/ENSMUST00000141222.1, exon 2 of 2)	103309	Fam107b	family with sequence similarity 107, member B
chr2:5930056-5930556	chr2	5930056	5930556	Promoter (<=1kb)	300	Dhtkd1	dehydrogenase E1 and transketolase domain containing 1
chr2:8178647-8179147	chr2	8178647	8179147	Distal Intergenic	-669084	Celf2	CUGBP, Elav-like family member 2
chr2:8222062-8222562	chr2	8222062	8222562	Distal Intergenic	-712499	Celf2	CUGBP, Elav-like family member 2
chr2:10209503-10210003	chr2	10209503	10210003	Intron (ENSMUST00000026886.7/209378, intron 7 of 13)	55932	Itih5	inter-alpha-trypsin inhibitor, heavy chain 5
chr2:10350821-10351321	chr2	10350821	10351321	Intron (ENSMUST00000137351.1/ENSMUST00000137351.1, intron 1 of 3)	-19189	Sfmbt2	Scm-like with four mbt domains 2
chr2:11162691-11163191	chr2	11162691	11163191	Distal Intergenic	-8917	Prkcq	protein kinase C, theta
chr2:11377272-11377772	chr2	11377272	11377772	Intron (ENSMUST00000192626.1/77543, intron 1 of 2)	20729	8030442B05Rik	RIKEN cDNA 8030442B05 gene
chr2:12938314-12938814	chr2	12938314	12938814	Intron (ENSMUST00000154269.6/19212, intron 1 of 5)	14213	Pter	phosphotriesterase related
chr2:16884712-16885212	chr2	16884712	16885212	Distal Intergenic	246016	Plxdc2	plexin domain containing 2
chr2:18265622-18266122	chr2	18265622	18266122	Intron (ENSMUST00000091418.11/13418, intron 8 of 12)	40894	Dnajc1	DnaJ heat shock protein family (Hsp40) member C1
chr2:19703960-19704460	chr2	19703960	19704460	Distal Intergenic	46208	Otud1	OTU domain containing 1
chr2:23094616-23095116	chr2	23094616	23095116	Promoter (<=1kb)	415	Acbd5	acyl-Coenzyme A binding domain containing 5
chr2:24787303-24787803	chr2	24787303	24787803	Distal Intergenic	18552	Ehmt1	euchromatic histone methyltransferase 1
chr2:24800623-24801123	chr2	24800623	24801123	Intron (ENSMUST00000147147.7/77683, intron 25 of 26)	5232	Ehmt1	euchromatic histone methyltransferase 1
chr2:35386022-35386522	chr2	35386022	35386522	Intron (ENSMUST00000113010.8/74854, intron 3 of 5)	10535	4930402F06Rik	RIKEN cDNA 4930402F06 gene
chr2:35452251-35452751	chr2	35452251	35452751	Intron (ENSMUST00000113002.8/14594, intron 1 of 7)	-6418	Ggta1	glycoprotein galactosyltransferase alpha 1, 3
chr2:36081683-36082183	chr2	36081683	36082183	3' UTR	12090	Lhx6	LIM homeobox protein 6
chr2:36117226-36117726	chr2	36117226	36117726	3' UTR	-11818	Lhx6	LIM homeobox protein 6
chr2:37587087-37587587	chr2	37587087	37587587	Promoter (<=1kb)	-569	Strbp	spermatid perinuclear RNA binding protein
chr2:43763480-43763980	chr2	43763480	43763980	Intron (ENSMUST00000112824.7/76117, intron 1 of 14)	14610	Arhgap15	Rho GTPase activating protein 15
chr2:45181510-45182010	chr2	45181510	45182010	Distal Intergenic	-64115	Zeb2	zinc finger E-box binding homeobox 2
chr2:49569882-49570382	chr2	49569882	49570382	Distal Intergenic	41007	Epc2	enhancer of polycomb homolog 2
chr2:50833731-50834231	chr2	50833731	50834231	Distal Intergenic	-75453	Gm13498	heat shock protein 90 alpha (cytosolic), class B member 1 pseudogene
chr2:52285670-52286170	chr2	52285670	52286170	Exon (ENSMUST00000036934.11/17996, exon 38 of 157)	-29514	Neb	nebulin
chr2:54215512-54216012	chr2	54215512	54216012	Distal Intergenic	-129960	Rprm	reprimo, TP53 dependent G2 arrest mediator candidate
chr2:61238965-61239465	chr2	61238965	61239465	Distal Intergenic	-263814	Gm13582	predicted gene 13582
chr2:63812580-63813080	chr2	63812580	63813080	Distal Intergenic	284908	Fign	fidgetin
chr2:65072411-65072911	chr2	65072411	65072911	Distal Intergenic	32948	Cobll1	Cobl-like 1
chr2:65382584-65383084	chr2	65382584	65383084	Distal Intergenic	-18184	Mir6337	microRNA 6337
chr2:70908430-70908930	chr2	70908430	70908930	Distal Intergenic	64458	Mettl8	methyltransferase 8, methylcytidine
chr2:70992763-70993263	chr2	70992763	70993263	Intron (ENSMUST00000100037.8/228019, intron 3 of 9)	-10579	Mettl8	methyltransferase 8, methylcytidine
chr2:72078040-72078540	chr2	72078040	72078540	Intron (ENSMUST00000090826.11/56508, intron 4 of 30)	23055	Rapgef4	Rap guanine nucleotide exchange factor (GEF) 4
chr2:74951191-74951691	chr2	74951191	74951691	Distal Intergenic	82210	Mtx2	metaxin 2
chr2:76185306-76185806	chr2	76185306	76185806	Intron (ENSMUST00000099992.9/241489, intron 5 of 19)	29588	Pde11a	phosphodiesterase 11A
chr2:76305393-76305893	chr2	76305393	76305893	Intron (ENSMUST00000099992.9/241489, intron 1 of 19)	32881	Pde11a	phosphodiesterase 11A
chr2:79567324-79567824	chr2	79567324	79567824	Distal Intergenic	-67528	Itprid2	ITPR interacting domain containing 2
chr2:79697983-79698483	chr2	79697983	79698483	Distal Intergenic	-9297	Ppp1r1c	protein phosphatase 1, regulatory inhibitor subunit 1C
chr2:90504680-90505180	chr2	90504680	90505180	Intron (ENSMUST00000168621.2/19271, intron 1 of 23)	-25510	Ptprj	protein tyrosine phosphatase receptor type J
chr2:90517348-90517848	chr2	90517348	90517848	Intron (ENSMUST00000168621.2/19271, intron 1 of 23)	-38178	Ptprj	protein tyrosine phosphatase receptor type J
chr2:90522080-90522580	chr2	90522080	90522580	Intron (ENSMUST00000168621.2/19271, intron 1 of 23)	-42910	Ptprj	protein tyrosine phosphatase receptor type J
chr2:91664909-91665409	chr2	91664909	91665409	Intron (ENSMUST00000111329.7/228359, intron 5 of 13)	-3107	Arhgap1	Rho GTPase activating protein 1
chr2:92554780-92555280	chr2	92554780	92555280	Distal Intergenic	-36926	Mir7221	microRNA 7221
chr2:92988187-92988687	chr2	92988187	92988687	Intron (ENSMUST00000111274.8/100042784, intron 5 of 6)	25223	Prdm11	PR domain containing 11
chr2:97089152-97089652	chr2	97089152	97089652	Intron (ENSMUST00000135431.7/241568, intron 3 of 6)	-378005	Lrrc4c	leucine rich repeat containing 4C
chr2:97653931-97654431	chr2	97653931	97654431	Distal Intergenic	185842	Lrrc4c	leucine rich repeat containing 4C
chr2:100032793-100033293	chr2	100032793	100033293	Distal Intergenic	1542832	Iftap	intraflagellar transport associated protein
chr2:101982780-101983280	chr2	101982780	101983280	Intron (ENSMUST00000111222.1/241576, intron 4 of 5)	96517	Commd9	COMM domain containing 9
chr2:103118526-103119026	chr2	103118526	103119026	Distal Intergenic	26690	Apip	APAF1 interacting protein
chr2:103644024-103644524	chr2	103644024	103644524	Intron (ENSMUST00000076212.3/99382, intron 1 of 16)	-70511	Abtb2	ankyrin repeat and BTB domain containing 2
chr2:109558702-109559202	chr2	109558702	109559202	Distal Intergenic	-115498	Bdnf	brain derived neurotrophic factor
chr2:109855565-109856065	chr2	109855565	109856065	Distal Intergenic	-34788	Lin7c	lin-7 homolog C, crumbs cell polarity complex component
chr2:113493475-113493975	chr2	113493475	113493975	Intron (ENSMUST00000099576.8/14260, intron 5 of 18)	52411	Fmn1	formin 1
chr2:113695086-113695586	chr2	113695086	113695586	Exon (ENSMUST00000123377.1/75166, exon 4 of 6)	9981	Fmn1	formin 1
chr2:114519927-114520427	chr2	114519927	114520427	Intron (ENSMUST00000028640.13/66632, intron 6 of 7)	25464	Dph6	diphthamine biosynthesis 6
chr2:114990522-114991022	chr2	114990522	114991022	Intron (ENSMUST00000144368.1/ENSMUST00000144368.1, intron 7 of 8)	-335558	Dph6	diphthamine biosynthesis 6
chr2:116964070-116964570	chr2	116964070	116964570	Distal Intergenic	63876	D330050G23Rik	RIKEN cDNA D330050G23 gene
chr2:117591228-117591728	chr2	117591228	117591728	Distal Intergenic	221085	Gm13985	predicted gene 13985
chr2:117867037-117867537	chr2	117867037	117867537	Intron (ENSMUST00000149239.1/73938, intron 2 of 5)	45109	4930412B13Rik	RIKEN cDNA 4930412B13 gene
chr2:122587875-122588375	chr2	122587875	122588375	Distal Intergenic	10159	Gatm	glycine amidinotransferase (L-arginine:glycine amidinotransferase)
chr2:123387163-123387663	chr2	123387163	123387663	Distal Intergenic	587401	Sqor	sulfide quinone oxidoreductase
chr2:137333792-137334292	chr2	137333792	137334292	Distal Intergenic	-217148	Jag1	jagged 1
chr2:139891461-139891961	chr2	139891461	139891961	Intron (ENSMUST00000046656.8/75812, intron 11 of 13)	150253	Tasp1	taspase, threonine aspartase 1
chr2:140107743-140108243	chr2	140107743	140108243	Distal Intergenic	-40938	Tasp1	taspase, threonine aspartase 1
chr2:145117656-145118156	chr2	145117656	145118156	Distal Intergenic	-49598	Slc24a3	solute carrier family 24 (sodium/potassium/calcium exchanger), member 3
chr2:148236487-148236987	chr2	148236487	148236987	Distal Intergenic	-158357	Sstr4	somatostatin receptor 4
chr2:149998604-149999104	chr2	149998604	149999104	Intron (ENSMUST00000109935.7/433485, intron 3 of 3)	137538	Zfp120	zinc finger protein 120
chr2:150319726-150320226	chr2	150319726	150320226	Intron (ENSMUST00000238230.1/ENSMUST00000238230.1, intron 1 of 3)	42507	3300002I08Rik	RIKEN cDNA 3300002I08 gene
chr2:152971715-152972215	chr2	152971715	152972215	Promoter (<=1kb)	-73	Ttll9	tubulin tyrosine ligase-like family, member 9
chr2:160321487-160321987	chr2	160321487	160321987	Intron (ENSMUST00000138905.1/329554, intron 1 of 2)	5507	Gm826	predicted gene 826
chr2:161061285-161061785	chr2	161061285	161061785	Intron (ENSMUST00000039782.13/71389, intron 1 of 36)	-8707	Chd6	chromodomain helicase DNA binding protein 6
chr2:164855836-164856336	chr2	164855836	164856336	Promoter (<=1kb)	460	Pltp	phospholipid transfer protein
chr2:166986533-166987033	chr2	166986533	166987033	Intron (ENSMUST00000109235.7/20853, intron 1 of 11)	9070	Stau1	staufen double-stranded RNA binding protein 1
chr2:168565398-168565898	chr2	168565398	168565898	Intron (ENSMUST00000074618.9/18019, intron 3 of 9)	-13122	Nfatc2	nuclear factor of activated T cells, cytoplasmic, calcineurin dependent 2
chr2:171660369-171660869	chr2	171660369	171660869	Distal Intergenic	301262	1700028P15Rik	RIKEN cDNA 1700028P15 gene
chr2:172042038-172042538	chr2	172042038	172042538	Promoter (<=1kb)	928	Cbln4	cerebellin 4 precursor protein
chr2:172413268-172413768	chr2	172413268	172413768	Intron (ENSMUST00000099061.8/320664, intron 1 of 4)	19367	Cass4	Cas scaffolding protein family member 4
chr2:177900617-177901117	chr2	177900617	177901117	Intron (ENSMUST00000108935.7/665205, intron 1 of 2)	3521	Zfp1003	zinc finger protein 1003
chr3:4866044-4866544	chr3	4866044	4866544	Distal Intergenic	66551	1110015O18Rik	RIKEN cDNA 1110015O18 gene
chr3:5398932-5399432	chr3	5398932	5399432	Exon (ENSMUST00000175866.7/80892, exon 10 of 11)	157260	Zfhx4	zinc finger homeodomain 4
chr3:6003781-6004281	chr3	6003781	6004281	Distal Intergenic	-427542	Pex2	peroxisomal biogenesis factor 2
chr3:7815710-7816210	chr3	7815710	7816210	Distal Intergenic	138672	1700010I02Rik	RIKEN cDNA 1700010I02 gene
chr3:9217627-9218127	chr3	9217627	9218127	Distal Intergenic	-32475	Zbtb10	zinc finger and BTB domain containing 10
chr3:9357590-9358090	chr3	9357590	9358090	Distal Intergenic	-44974	C030034L19Rik	RIKEN cDNA C030034L19 gene
chr3:16215928-16216428	chr3	16215928	16216428	3' UTR	32692	Ythdf3	YTH N6-methyladenosine RNA binding protein 3
chr3:22190476-22190976	chr3	22190476	22190976	Exon (ENSMUST00000193734.5/81004, exon 7 of 17)	-12216	Tbl1xr1	Tbl1x/y related 1
chr3:22780673-22781173	chr3	22780673	22781173	Distal Intergenic	529299	Rprl2	ribonuclease P RNA-like 2
chr3:23063456-23063956	chr3	23063456	23063956	Distal Intergenic	812082	Rprl2	ribonuclease P RNA-like 2
chr3:27507856-27508356	chr3	27507856	27508356	Intron (ENSMUST00000195008.5/72007, intron 8 of 26)	76639	Mir3092	microRNA 3092
chr3:28556103-28556603	chr3	28556103	28556603	Intron (ENSMUST00000160934.7/665113, intron 9 of 31)	-73269	Tnik	TRAF2 and NCK interacting kinase
chr3:33093970-33094470	chr3	33093970	33094470	Intron (ENSMUST00000108226.7/58869, intron 1 of 12)	-10910	Pex5l	peroxisomal biogenesis factor 5-like
chr3:33111172-33111672	chr3	33111172	33111672	Intron (ENSMUST00000108226.7/58869, intron 1 of 12)	-28112	Pex5l	peroxisomal biogenesis factor 5-like
chr3:35184254-35184754	chr3	35184254	35184754	Distal Intergenic	-261603	Mir6378	microRNA 6378
chr3:35703979-35704479	chr3	35703979	35704479	Distal Intergenic	-37816	Gm6639	predicted gene 6639
chr3:36079557-36080057	chr3	36079557	36080057	Promoter (<=1kb)	-89	Acad9	acyl-Coenzyme A dehydrogenase family, member 9
chr3:36962794-36963294	chr3	36962794	36963294	Intron (ENSMUST00000057272.14/229227, intron 37 of 85)	16573	Bltp1	bridge-like lipid transfer protein family member 1
chr3:40206506-40207006	chr3	40206506	40207006	Distal Intergenic	302768	1700017G19Rik	RIKEN cDNA 1700017G19 gene
chr3:41332314-41332814	chr3	41332314	41332814	Distal Intergenic	160376	Platr4	pluripotency associated transcript 4
chr3:42131616-42132116	chr3	42131616	42132116	Distal Intergenic	380420	D3Ertd751e	DNA segment, Chr 3, ERATO Doi 751, expressed
chr3:49834390-49834890	chr3	49834390	49834890	Distal Intergenic	-77065	Pcdh18	protocadherin 18
chr3:51327449-51327949	chr3	51327449	51327949	Promoter (1-2kb)	-1420	Elf2	E74-like factor 2
chr3:53789402-53789902	chr3	53789402	53789902	Distal Intergenic	73787	Ufm1	ubiquitin-fold modifier 1
chr3:54517741-54518241	chr3	54517741	54518241	Distal Intergenic	128852	Postn	periostin, osteoblast specific factor
chr3:55909217-55909717	chr3	55909217	55909717	Intron (ENSMUST00000199747.1/ENSMUST00000199747.1, intron 1 of 1)	61953	4933417G07Rik	SEC13 homolog pseudogene
chr3:58106424-58106924	chr3	58106424	58106924	Distal Intergenic	56883	1700007F19Rik	RIKEN cDNA 1700007F19 gene
chr3:58267517-58268017	chr3	58267517	58268017	Distal Intergenic	-103710	1700007F19Rik	RIKEN cDNA 1700007F19 gene
chr3:58315163-58315663	chr3	58315163	58315663	Exon (ENSMUST00000199863.1/ENSMUST00000199863.1, exon 1 of 1)	-99052	Tsc22d2	TSC22 domain family, member 2
chr3:58426871-58427371	chr3	58426871	58427371	Intron (ENSMUST00000099090.6/72033, intron 1 of 3)	9387	Tsc22d2	TSC22 domain family, member 2
chr3:61072991-61073491	chr3	61072991	61073491	Distal Intergenic	70196	P2ry1	purinergic receptor P2Y, G-protein coupled 1
chr3:61915340-61915840	chr3	61915340	61915840	Distal Intergenic	-422504	Arhgef26	Rho guanine nucleotide exchange factor 26
chr3:67490125-67490625	chr3	67490125	67490625	Intron (ENSMUST00000054825.4/109222, intron 3 of 5)	24898	Rarres1	retinoic acid receptor responder (tazarotene induced) 1
chr3:67591335-67591835	chr3	67591335	67591835	Intron (ENSMUST00000029344.9/66868, intron 6 of 15)	6589	Mfsd1	major facilitator superfamily domain containing 1
chr3:70404751-70405251	chr3	70404751	70405251	Distal Intergenic	397138	Otol1	otolin 1
chr3:70873511-70874011	chr3	70873511	70874011	Distal Intergenic	865898	Otol1	otolin 1
chr3:79494215-79494715	chr3	79494215	79494715	Intron (ENSMUST00000133154.6/329679, intron 9 of 17)	5807	Fnip2	folliculin interacting protein 2
chr3:85833072-85833572	chr3	85833072	85833572	Intron (ENSMUST00000154148.7/99889, intron 1 of 9)	-15781	Fhip1a	FHF complex subunit HOOK interacting protein 1A
chr3:87893714-87894214	chr3	87893714	87894214	Distal Intergenic	-8106	Prcc	papillary renal cell carcinoma (translocation-associated)
chr3:89123313-89123813	chr3	89123313	89123813	Distal Intergenic	-12329	Pklr	pyruvate kinase liver and red blood cell
chr3:90267031-90267531	chr3	90267031	90267531	Promoter (<=1kb)	0	Dennd4b	DENN domain containing 4B
chr3:91150743-91151243	chr3	91150743	91151243	Distal Intergenic	-59940	S100a7l2	S100 calcium binding protein A7 like 2
chr3:91483256-91483756	chr3	91483256	91483756	Distal Intergenic	-392453	S100a7l2	S100 calcium binding protein A7 like 2
chr3:96409762-96410262	chr3	96409762	96410262	Distal Intergenic	4571	Terc	telomerase RNA component
chr3:101408852-101409352	chr3	101408852	101409352	Exon (ENSMUST00000197514.1/ENSMUST00000197514.1, exon 1 of 1)	30514	Igsf3	immunoglobulin superfamily, member 3
chr3:103757182-103757682	chr3	103757182	103757682	Intron (ENSMUST00000118317.7/15257, intron 8 of 15)	-6168	Hipk1	homeodomain interacting protein kinase 1
chr3:108917047-108917547	chr3	108917047	108917547	Distal Intergenic	-5320	Prpf38b	PRP38 pre-mRNA processing factor 38 (yeast) domain containing B
chr3:109352297-109352797	chr3	109352297	109352797	Intron (ENSMUST00000046864.13/57257, intron 1 of 26)	11191	Vav3	vav guanine nucleotide exchange factor 3
chr3:109478141-109478641	chr3	109478141	109478641	Intron (ENSMUST00000046864.13/57257, intron 2 of 26)	-16143	Vav3	vav guanine nucleotide exchange factor 3
chr3:117161328-117161828	chr3	117161328	117161828	Distal Intergenic	-83563	1700061I17Rik	RIKEN cDNA 1700061I17 gene
chr3:117988497-117988997	chr3	117988497	117988997	Distal Intergenic	-119561	Snx7	sorting nexin 7
chr3:121449438-121449938	chr3	121449438	121449938	Promoter (<=1kb)	0	Cnn3	calponin 3, acidic
chr3:122453968-122454468	chr3	122453968	122454468	Intron (ENSMUST00000029766.8/29815, intron 2 of 11)	-29255	Bcar3	breast cancer anti-estrogen resistance 3
chr3:123256337-123256837	chr3	123256337	123256837	Distal Intergenic	-10618	Sec24d	SEC24 homolog D, COPII coat complex component
chr3:124076282-124076782	chr3	124076282	124076782	Distal Intergenic	-244073	Tram1l1	translocation associated membrane protein 1-like 1
chr3:126154243-126154743	chr3	126154243	126154743	Distal Intergenic	-208941	Arsj	arylsulfatase J
chr3:126953090-126953590	chr3	126953090	126953590	Promoter (2-3kb)	2283	Ank2	ankyrin 2, brain
chr3:128049680-128050180	chr3	128049680	128050180	Distal Intergenic	83180	D030025E07Rik	RIKEN cDNA D030025E07 gene
chr3:135127503-135128003	chr3	135127503	135128003	Distal Intergenic	-84534	Cenpe	centromere protein E
chr3:135526605-135527105	chr3	135526605	135527105	Intron (ENSMUST00000131610.7/110173, intron 8 of 13)	3670	Manba	mannosidase, beta A, lysosomal
chr3:139262183-139262683	chr3	139262183	139262683	Intron (ENSMUST00000106239.7/381476, intron 6 of 13)	56290	Stpg2	sperm tail PG rich repeat containing 2
chr3:143040556-143041056	chr3	143040556	143041056	Exon (ENSMUST00000200254.1/102636203, exon 5 of 5)	9942	4930519L02Rik	RIKEN cDNA 4930519L02 gene
chr3:145821827-145822327	chr3	145821827	145822327	Intron (ENSMUST00000029845.14/69219, intron 1 of 5)	11348	Ddah1	dimethylarginine dimethylaminohydrolase 1
chr3:146307408-146307908	chr3	146307408	146307908	Distal Intergenic	71036	Gm10636	predicted gene 10636
chr3:148595999-148596499	chr3	148595999	148596499	Distal Intergenic	226480	Adgrl2	adhesion G protein-coupled receptor L2
chr3:152551485-152551985	chr3	152551485	152551985	Intron (ENSMUST00000045262.10/229949, intron 6 of 13)	-24733	Ak5	adenylate kinase 5
chr3:152557196-152557696	chr3	152557196	152557696	Intron (ENSMUST00000045262.10/229949, intron 6 of 13)	-30444	Ak5	adenylate kinase 5
chr3:154722799-154723299	chr3	154722799	154723299	Intron (ENSMUST00000098496.8/209601, intron 8 of 13)	10934	Erich3	glutamate rich 3
chr3:156731668-156732168	chr3	156731668	156732168	Exon (ENSMUST00000199676.1/ENSMUST00000199676.1, exon 1 of 1)	169518	Negr1	neuronal growth regulator 1
chr3:157121731-157122231	chr3	157121731	157122231	Intron (ENSMUST00000074015.10/320840, intron 4 of 6)	411859	4930592C13Rik	RIKEN cDNA 4930592C13 gene
chr3:157883913-157884413	chr3	157883913	157884413	Distal Intergenic	13299	Cth	cystathionine gamma lyase
chr4:3639340-3639840	chr4	3639340	3639840	Distal Intergenic	-16668	2210414B05Rik	RIKEN cDNA 2210414B05 gene
chr4:10210864-10211364	chr4	10210864	10211364	Distal Intergenic	-293229	4930448K20Rik	glyceraldehyde-3-phosphate dehydrogenase pseudogene
chr4:10242626-10243126	chr4	10242626	10243126	Distal Intergenic	-324991	4930448K20Rik	glyceraldehyde-3-phosphate dehydrogenase pseudogene
chr4:11869613-11870113	chr4	11869613	11870113	Distal Intergenic	95708	Pdp1	pyruvate dehydrogenase phosphatase catalytic subunit 1
chr4:11972474-11972974	chr4	11972474	11972974	Intron (ENSMUST00000154194.1/100503636, intron 1 of 1)	5900	1700123M08Rik	RIKEN cDNA 1700123M08 gene
chr4:13455012-13455512	chr4	13455012	13455512	Distal Intergenic	-287924	Runx1t1	RUNX1 translocation partner 1
chr4:15951962-15952462	chr4	15951962	15952462	Distal Intergenic	-5463	Nbn	nibrin
chr4:18775071-18775571	chr4	18775071	18775571	Intron (ENSMUST00000133363.1/ENSMUST00000133363.1, intron 4 of 10)	346955	Cnbd1	cyclic nucleotide binding domain containing 1
chr4:22112583-22113083	chr4	22112583	22113083	Distal Intergenic	154127	Faxc	failed axon connections homolog
chr4:23615821-23616321	chr4	23615821	23616321	Distal Intergenic	-880130	Mms22l	MMS22-like, DNA repair protein
chr4:23773123-23773623	chr4	23773123	23773623	Distal Intergenic	-722828	Mms22l	MMS22-like, DNA repair protein
chr4:25199790-25200290	chr4	25199790	25200290	3' UTR	42586	Fhl5	four and a half LIM domains 5
chr4:29074032-29074532	chr4	29074032	29074532	Intron (ENSMUST00000154813.1/102634169, intron 2 of 2)	5953	Gm11917	predicted gene 11917
chr4:32409019-32409519	chr4	32409019	32409519	Intron (ENSMUST00000108180.8/12014, intron 2 of 6)	-7916	Bach2	BTB and CNC homology, basic leucine zipper transcription factor 2
chr4:34226109-34226609	chr4	34226109	34226609	Distal Intergenic	-175918	Spaca1	sperm acrosome associated 1
chr4:34425854-34426354	chr4	34425854	34426354	Distal Intergenic	-124583	Akirin2	akirin 2
chr4:39098782-39099282	chr4	39098782	39099282	Distal Intergenic	-243299	Gm12381	predicted gene 12381
chr4:47670548-47671048	chr4	47670548	47671048	Distal Intergenic	195600	Sec61b	SEC61 translocon subunit beta
chr4:52365657-52366157	chr4	52365657	52366157	Distal Intergenic	72808	Smc2os	structural maintenance of chromosomes 2, opposite strand
chr4:57156142-57156642	chr4	57156142	57156642	Distal Intergenic	-12705	Epb41l4b	erythrocyte membrane protein band 4.1 like 4b
chr4:59851064-59851564	chr4	59851064	59851564	Intron (ENSMUST00000030080.6/209131, intron 1 of 8)	-33130	Snx30	sorting nexin family member 30
chr4:70289041-70289541	chr4	70289041	70289541	Intron (ENSMUST00000144099.7/214444, intron 20 of 36)	-24361	Cdk5rap2	CDK5 regulatory subunit associated protein 2
chr4:71946148-71946648	chr4	71946148	71946648	Distal Intergenic	174086	Tle1	transducin-like enhancer of split 1
chr4:72049757-72050257	chr4	72049757	72050257	Distal Intergenic	70477	Tle1	transducin-like enhancer of split 1
chr4:72113014-72113514	chr4	72113014	72113514	Distal Intergenic	7220	Tle1	transducin-like enhancer of split 1
chr4:72144411-72144911	chr4	72144411	72144911	Intron (ENSMUST00000074216.13/21885, intron 9 of 19)	-3098	Tle1	transducin-like enhancer of split 1
chr4:76735720-76736220	chr4	76735720	76736220	Intron (ENSMUST00000107287.8/19266, intron 9 of 14)	-141421	Ptprd	protein tyrosine phosphatase receptor type D
chr4:83154205-83154705	chr4	83154205	83154705	Distal Intergenic	78465	Ttc39b	tetratricopeptide repeat domain 39B
chr4:86712653-86713153	chr4	86712653	86713153	Distal Intergenic	-35402	Dennd4c	DENN domain containing 4C
chr4:89078504-89079004	chr4	89078504	89079004	Intron (ENSMUST00000146678.1/100040617, intron 2 of 2)	19708	Wincr1	WNT induced non-coding RNA 1
chr4:94138675-94139175	chr4	94138675	94139175	Intron (ENSMUST00000126270.1/ENSMUST00000126270.1, intron 4 of 5)	417591	Caap1	caspase activity and apoptosis inhibitor 1
chr4:94188537-94189037	chr4	94188537	94189037	Intron (ENSMUST00000126270.1/ENSMUST00000126270.1, intron 2 of 5)	367729	Caap1	caspase activity and apoptosis inhibitor 1
chr4:95015065-95015565	chr4	95015065	95015565	Intron (ENSMUST00000149367.1/ENSMUST00000149367.1, intron 3 of 4)	-35965	Mysm1	myb-like, SWIRM and MPN domains 1
chr4:96899585-96900085	chr4	96899585	96900085	Distal Intergenic	-114399	Gm12695	predicted gene 12695
chr4:101491102-101491602	chr4	101491102	101491602	Distal Intergenic	-5029	Dnajc6	DnaJ heat shock protein family (Hsp40) member C6
chr4:102964510-102965010	chr4	102964510	102965010	Promoter (2-3kb)	2154	Sgip1	SH3-domain GRB2-like (endophilin) interacting protein 1
chr4:104893737-104894237	chr4	104893737	104894237	Distal Intergenic	-17339	C8a	complement component 8, alpha polypeptide
chr4:115534607-115535107	chr4	115534607	115535107	Distal Intergenic	16319	Cyp4a10	cytochrome P450, family 4, subfamily a, polypeptide 10
chr4:115596573-115597073	chr4	115596573	115597073	Distal Intergenic	-3896	Cyp4a32	cytochrome P450, family 4, subfamily a, polypeptide 32
chr4:115659002-115659502	chr4	115659002	115659502	Distal Intergenic	-11279	Cyp4b1	cytochrome P450, family 4, subfamily b, polypeptide 1
chr4:115881869-115882369	chr4	115881869	115882369	Promoter (2-3kb)	-2031	Kncn	kinocilin
chr4:116005578-116006078	chr4	116005578	116006078	Exon (ENSMUST00000125761.7/14073, exon 3 of 15)	-5510	Faah	fatty acid amide hydrolase
chr4:120033423-120033923	chr4	120033423	120033923	Promoter (<=1kb)	657	Hivep3	human immunodeficiency virus type I enhancer binding protein 3
chr4:120101750-120102250	chr4	120101750	120102250	Intron (ENSMUST00000106307.8/16656, intron 4 of 8)	7261	Hivep3	human immunodeficiency virus type I enhancer binding protein 3
chr4:120568572-120569072	chr4	120568572	120569072	Promoter (1-2kb)	1204	Ctps1	cytidine 5'-triphosphate synthase 1
chr4:121009158-121009658	chr4	121009158	121009658	Intron (ENSMUST00000043200.7/69780, intron 1 of 9)	7589	Smap2	small ArfGAP 2
chr4:122907421-122907921	chr4	122907421	122907921	Distal Intergenic	-21365	Cap1	cyclase associated actin cytoskeleton regulatory protein 1
chr4:123479536-123480036	chr4	123479536	123480036	Intron (ENSMUST00000097897.10/11426, intron 35 of 97)	-3169	Macf1	microtubule-actin crosslinking factor 1
chr4:124667019-124667519	chr4	124667019	124667519	Distal Intergenic	10212	Pou3f1	POU domain, class 3, transcription factor 1
chr4:127888973-127889473	chr4	127888973	127889473	Distal Intergenic	81478	CK137956	cDNA sequence CK137956
chr4:128694449-128694949	chr4	128694449	128694949	Intron (ENSMUST00000030588.12/54383, intron 1 of 14)	5654	Phc2	polyhomeotic 2
chr4:132292066-132292566	chr4	132292066	132292566	Intron (ENSMUST00000030731.10/66464, intron 5 of 5)	10819	Rab42	RAB42, member RAS oncogene family
chr4:133962945-133963445	chr4	133962945	133963445	Distal Intergenic	3798	Hmgn2	high mobility group nucleosomal binding domain 2
chr4:135655635-135656135	chr4	135655635	135656135	Distal Intergenic	28382	1700029M20Rik	RIKEN cDNA 1700029M20 gene
chr4:143220773-143221273	chr4	143220773	143221273	Distal Intergenic	-7778	Prdm2	PR domain containing 2, with ZNF domain
chr4:148016405-148016905	chr4	148016405	148016905	Exon (ENSMUST00000137724.7/26372, exon 13 of 23)	15683	Nppa	natriuretic peptide type A
chr4:148518422-148518922	chr4	148518422	148518922	Intron (ENSMUST00000103221.9/56717, intron 30 of 57)	-17962	Angptl7	angiopoietin-like 7
chr4:153245282-153245782	chr4	153245282	153245782	Distal Intergenic	236397	Ajap1	adherens junction associated protein 1
chr4:153989980-153990480	chr4	153989980	153990480	Promoter (<=1kb)	774	Cep104	centrosomal protein 104
chr4:154146366-154146866	chr4	154146366	154146866	Exon (ENSMUST00000030895.11/59002, exon 3 of 12)	3957	Wrap73	WD repeat containing, antisense to Trp73
chr5:3688404-3688904	chr5	3688404	3688904	Distal Intergenic	13228	Ankib1	ankyrin repeat and IBR domain containing 1
chr5:5419046-5419546	chr5	5419046	5419546	Promoter (<=1kb)	766	Cdk14	cyclin dependent kinase 14
chr5:8164337-8164837	chr5	8164337	8164837	Intron (ENSMUST00000050166.13/11496, intron 5 of 29)	-43242	Adam22	a disintegrin and metallopeptidase domain 22
chr5:10478180-10478680	chr5	10478180	10478680	Distal Intergenic	-386349	Gm6455	predicted gene 6455
chr5:14834155-14834655	chr5	14834155	14834655	Intron (ENSMUST00000030691.16/26875, intron 22 of 24)	80198	Gm9758	predicted gene 9758
chr5:19826263-19826763	chr5	19826263	19826763	Intron (ENSMUST00000197354.4/50791, intron 2 of 21)	-80755	Magi2	membrane associated guanylate kinase, WW and PDZ domain containing 2
chr5:20579086-20579586	chr5	20579086	20579586	Intron (ENSMUST00000197354.4/50791, intron 16 of 21)	-22911	Magi2	membrane associated guanylate kinase, WW and PDZ domain containing 2
chr5:20637615-20638115	chr5	20637615	20638115	Intron (ENSMUST00000197354.4/50791, intron 20 of 21)	35118	Magi2	membrane associated guanylate kinase, WW and PDZ domain containing 2
chr5:21131554-21132054	chr5	21131554	21132054	Exon (ENSMUST00000197733.1/ENSMUST00000197733.1, exon 1 of 1)	-54201	Gsap	gamma-secretase activating protein
chr5:22513392-22513892	chr5	22513392	22513892	Intron (ENSMUST00000135906.7/26429, intron 11 of 12)	14827	Gm15421	ribosomal protein L22 like 1 pseudogene
chr5:28269481-28269981	chr5	28269481	28269981	Distal Intergenic	-23675	Cnpy1	canopy FGF signaling regulator 1
chr5:30127332-30127832	chr5	30127332	30127832	Promoter (<=1kb)	-213	Hadha	hydroxyacyl-CoA dehydrogenase trifunctional multienzyme complex subunit alpha
chr5:30935092-30935592	chr5	30935092	30935592	Exon (ENSMUST00000202627.1/68567, exon 2 of 2)	4478	Khk	ketohexokinase
chr5:37753284-37753784	chr5	37753284	37753784	Distal Intergenic	16004	Cytl1	cytokine-like 1
chr5:38537896-38538396	chr5	38537896	38538396	Intron (ENSMUST00000005234.12/22388, intron 8 of 14)	-5900	Wdr1	WD repeat domain 1
chr5:38904537-38905037	chr5	38904537	38905037	Distal Intergenic	-27725	Clnk	cytokine-dependent hematopoietic cell linker
chr5:39187430-39187930	chr5	39187430	39187930	Distal Intergenic	-310618	Clnk	cytokine-dependent hematopoietic cell linker
chr5:41044614-41045114	chr5	41044614	41045114	Distal Intergenic	582388	Rab28	RAB28, member RAS oncogene family
chr5:45627825-45628325	chr5	45627825	45628325	Intron (ENSMUST00000016023.8/58227, intron 1 of 15)	-10374	9630001P10Rik	RIKEN cDNA 9630001P10 gene
chr5:46226044-46226544	chr5	46226044	46226544	Distal Intergenic	-293635	4930405L22Rik	RIKEN cDNA 4930405L22 gene
chr5:49310658-49311158	chr5	49310658	49311158	Intron (ENSMUST00000087395.10/80334, intron 1 of 8)	-24999	Kcnip4	Kv channel interacting protein 4
chr5:51825906-51826406	chr5	51825906	51826406	Distal Intergenic	-258180	Ppargc1a	peroxisome proliferative activated receptor, gamma, coactivator 1 alpha
chr5:53948510-53949010	chr5	53948510	53949010	Distal Intergenic	-49489	Stim2	stromal interaction molecule 2
chr5:54005362-54005862	chr5	54005362	54005862	Intron (ENSMUST00000117661.8/116873, intron 1 of 11)	6797	Stim2	stromal interaction molecule 2
chr5:55770463-55770963	chr5	55770463	55770963	Distal Intergenic	1420472	Gm10440	predicted gene 10440
chr5:57905890-57906390	chr5	57905890	57906390	Exon (ENSMUST00000196307.1/ENSMUST00000196307.1, exon 1 of 1)	183681	Pcdh7	protocadherin 7
chr5:61940386-61940886	chr5	61940386	61940886	Distal Intergenic	131570	G6pd2	glucose-6-phosphate dehydrogenase 2
chr5:64722023-64722523	chr5	64722023	64722523	Intron (ENSMUST00000180912.5/ENSMUST00000180912.5, intron 1 of 4)	-80865	Klf3	Kruppel-like transcription factor 3 (basic)
chr5:66798416-66798916	chr5	66798416	66798916	Intron (ENSMUST00000201852.3/77569, intron 1 of 7)	52527	Limch1	LIM and calponin homology domains 1
chr5:72295462-72295962	chr5	72295462	72295962	Exon (ENSMUST00000126664.7/231287, exon 22 of 23)	15415	Atp10d	ATPase, class V, type 10D
chr5:74657790-74658290	chr5	74657790	74658290	Intron (ENSMUST00000113531.8/16924, intron 3 of 12)	19339	Lnx1	ligand of numb-protein X 1
chr5:76373480-76373980	chr5	76373480	76373980	Distal Intergenic	-9692	Nmu	neuromedin U
chr5:76492894-76493394	chr5	76492894	76493394	Intron (ENSMUST00000191515.7/639545, intron 2 of 3)	8563	Exoc1l	exocyst complex component 1 like
chr5:78777198-78777698	chr5	78777198	78777698	Distal Intergenic	1311710	1700017L05Rik	RIKEN cDNA 1700017L05 gene
chr5:80662815-80663315	chr5	80662815	80663315	Distal Intergenic	-356823	Adgrl3	adhesion G protein-coupled receptor L3
chr5:82113209-82113709	chr5	82113209	82113709	Distal Intergenic	9628	1700031L13Rik	RIKEN cDNA 1700031L13 gene
chr5:91209480-91209980	chr5	91209480	91209980	Distal Intergenic	69881	Areg	amphiregulin
chr5:91464784-91465284	chr5	91464784	91465284	Distal Intergenic	-52331	Parm1	prostate androgen-regulated mucin-like protein 1
chr5:92881946-92882446	chr5	92881946	92882446	Intron (ENSMUST00000113055.8/27428, intron 2 of 10)	-15547	Shroom3	shroom family member 3
chr5:92984750-92985250	chr5	92984750	92985250	Distal Intergenic	22711	Shroom3	shroom family member 3
chr5:95896554-95897054	chr5	95896554	95897054	Distal Intergenic	-59897	Cxcl13	C-X-C motif chemokine ligand 13
chr5:95906488-95906988	chr5	95906488	95906988	Distal Intergenic	-49963	Cxcl13	C-X-C motif chemokine ligand 13
chr5:96949877-96950377	chr5	96949877	96950377	Distal Intergenic	28605	Gm8013	predicted gene 8013
chr5:98778524-98779024	chr5	98778524	98779024	Intron (ENSMUST00000080333.7/75784, intron 4 of 5)	-75391	Bmp3	bone morphogenetic protein 3
chr5:101121029-101121529	chr5	101121029	101121529	Distal Intergenic	274612	Gpat3	glycerol-3-phosphate acyltransferase 3
chr5:101843015-101843515	chr5	101843015	101843515	Intron (ENSMUST00000173528.7/ENSMUST00000173528.7, intron 2 of 3)	7998	Wdfy3	WD repeat and FYVE domain containing 3
chr5:102242371-102242871	chr5	102242371	102242871	Distal Intergenic	-172450	Wdfy3	WD repeat and FYVE domain containing 3
chr5:103643457-103643957	chr5	103643457	103643957	Distal Intergenic	11766	1700016H13Rik	RIKEN cDNA 1700016H13 gene
chr5:107020173-107020673	chr5	107020173	107020673	Distal Intergenic	44935	Cdc7	cell division cycle 7
chr5:109892402-109892902	chr5	109892402	109892902	Distal Intergenic	-30498	Gm15446	predicted gene 15446
chr5:110083223-110083723	chr5	110083223	110083723	Intron (ENSMUST00000210052.1/ENSMUST00000210052.1, intron 1 of 3)	-16246	Plcxd1	phosphatidylinositol-specific phospholipase C, X domain containing 1
chr5:113783617-113784117	chr5	113783617	113784117	Distal Intergenic	9770	Iscu	iron-sulfur cluster assembly enzyme
chr5:115686007-115686507	chr5	115686007	115686507	Intron (ENSMUST00000055408.12/75665, intron 2 of 8)	-15477	Bicdl1	BICD family like cargo adaptor 1
chr5:117158706-117159206	chr5	117158706	117159206	Intron (ENSMUST00000111978.7/330177, intron 1 of 20)	25065	Taok3	TAO kinase 3
chr5:117281179-117281679	chr5	117281179	117281679	Distal Intergenic	5846	Pebp1	phosphatidylethanolamine binding protein 1
chr5:118950931-118951431	chr5	118950931	118951431	Promoter (<=1kb)	-908	4930413E15Rik	RIKEN cDNA 4930413E15 gene
chr5:119414194-119414694	chr5	119414194	119414694	Distal Intergenic	156068	NA	NA
chr5:122000474-122000974	chr5	122000474	122000974	Promoter (1-2kb)	1370	Cux2	cut-like homeobox 2
chr5:122034991-122035491	chr5	122034991	122035491	Intron (ENSMUST00000111752.9/13048, intron 2 of 22)	12334	Cux2	cut-like homeobox 2
chr5:123945281-123945781	chr5	123945281	123945781	Promoter (<=1kb)	-605	Ccdc62	coiled-coil domain containing 62
chr5:142394496-142394996	chr5	142394496	142394996	Distal Intergenic	-6501	Foxk1	forkhead box K1
chr5:144800453-144800953	chr5	144800453	144800953	Exon (ENSMUST00000100467.9/100683, exon 23 of 71)	-3776	Trrap	transformation/transcription domain-associated protein
chr6:4030712-4031212	chr6	4030712	4031212	Distal Intergenic	16373	4930528H21Rik	RIKEN cDNA 4930528H21 gene
chr6:14267225-14267725	chr6	14267225	14267725	Distal Intergenic	395656	1110019D14Rik	RIKEN cDNA 1110019D14 gene
chr6:14737779-14738279	chr6	14737779	14738279	Intron (ENSMUST00000045096.5/140491, intron 1 of 3)	16995	Ppp1r3a	protein phosphatase 1, regulatory subunit 3A
chr6:16883557-16884057	chr6	16883557	16884057	Intron (ENSMUST00000031533.10/21426, intron 1 of 6)	14342	Tfec	transcription factor EC
chr6:16958112-16958612	chr6	16958112	16958612	Distal Intergenic	-59671	Tfec	transcription factor EC
chr6:17800334-17800834	chr6	17800334	17800834	Intron (ENSMUST00000129105.1/64213, intron 2 of 2)	-39703	St7	suppression of tumorigenicity 7
chr6:18697590-18698090	chr6	18697590	18698090	Distal Intergenic	-150489	Lsm8	LSM8 homolog, U6 small nuclear RNA associated
chr6:18946305-18946805	chr6	18946305	18946805	Distal Intergenic	79955	Ankrd7	ankyrin repeat domain 7
chr6:19858437-19858937	chr6	19858437	19858937	Distal Intergenic	303095	Mir6370	microRNA 6370
chr6:22270126-22270626	chr6	22270126	22270626	Distal Intergenic	-17601	Wnt16	wingless-type MMTV integration site family, member 16
chr6:27781849-27782349	chr6	27781849	27782349	Intron (ENSMUST00000115323.7/14823, intron 3 of 10)	154401	Mir592	microRNA 592
chr6:29685116-29685616	chr6	29685116	29685616	Distal Intergenic	-8606	Tspan33	tetraspanin 33
chr6:33794003-33794503	chr6	33794003	33794503	Intron (ENSMUST00000052266.14/20336, intron 11 of 17)	-67597	Exoc4	exocyst complex component 4
chr6:34514853-34515353	chr6	34514853	34515353	Distal Intergenic	37711	Bpgm	2,3-bisphosphoglycerate mutase
chr6:39778949-39779449	chr6	39778949	39779449	Distal Intergenic	26593	Mrps33	mitochondrial ribosomal protein S33
chr6:40894645-40895145	chr6	40894645	40895145	Distal Intergenic	5242	Prss58	serine protease 58
chr6:43940803-43941303	chr6	43940803	43941303	Distal Intergenic	-274525	Tpk1	thiamine pyrophosphokinase
chr6:49109527-49110027	chr6	49109527	49110027	Promoter (1-2kb)	1073	Igf2bp3	insulin-like growth factor 2 mRNA binding protein 3
chr6:50358095-50358595	chr6	50358095	50358595	Intron (ENSMUST00000114468.8/71720, intron 2 of 21)	-6138	Osbpl3	oxysterol binding protein-like 3
chr6:56341645-56342145	chr6	56341645	56342145	Exon (ENSMUST00000203492.1/18575, exon 2 of 2)	19710	Pde1c	phosphodiesterase 1C
chr6:56848790-56849290	chr6	56848790	56849290	Promoter (<=1kb)	-43	Fkbp9	FK506 binding protein 9
chr6:59489076-59489576	chr6	59489076	59489576	Distal Intergenic	-62782	Gprin3	GPRIN family member 3
chr6:60296838-60297338	chr6	60296838	60297338	Intron (ENSMUST00000205153.1/208079, intron 1 of 1)	106333	A530053G22Rik	RIKEN cDNA A530053G22 gene
chr6:60349416-60349916	chr6	60349416	60349916	Intron (ENSMUST00000205153.1/208079, intron 1 of 1)	53755	A530053G22Rik	RIKEN cDNA A530053G22 gene
chr6:65453544-65454044	chr6	65453544	65454044	Intron (ENSMUST00000170608.7/243407, intron 4 of 5)	12240	Qrfprl	pyroglutamylated RFamide peptide receptor like
chr6:66848604-66849104	chr6	66848604	66849104	Distal Intergenic	-43272	Vmn1r39	vomeronasal 1 receptor 39
chr6:71446294-71446794	chr6	71446294	71446794	Distal Intergenic	-5657	Rmnd5a	required for meiotic nuclear division 5 homolog A
chr6:73587539-73588039	chr6	73587539	73588039	Exon (ENSMUST00000204638.1/102634075, exon 4 of 4)	20634	Gm31747	predicted gene, 31747
chr6:78988496-78988996	chr6	78988496	78988996	Distal Intergenic	-43048	Gm20362	predicted gene, 20362
chr6:81554870-81555370	chr6	81554870	81555370	Distal Intergenic	340293	Mir7232	microRNA 7232
chr6:81943237-81943737	chr6	81943237	81943737	Promoter (1-2kb)	1883	Gcfc2	GC-rich sequence DNA binding factor 2
chr6:88990575-88991075	chr6	88990575	88991075	Intron (ENSMUST00000168837.6/232217, intron 1 of 2)	39892	4933427D06Rik	RIKEN cDNA 4933427D06 gene
chr6:90348656-90349156	chr6	90348656	90349156	Exon (ENSMUST00000046128.11/243537, exon 14 of 20)	15367	Uroc1	urocanase domain containing 1
chr6:96346995-96347495	chr6	96346995	96347495	Intron (ENSMUST00000122120.7/320265, intron 2 of 4)	-180752	Nup50l	nucleoporin 50 like
chr6:100257822-100258322	chr6	100257822	100258322	Exon (ENSMUST00000204906.1/ENSMUST00000204906.1, exon 1 of 1)	-24691	Rybp	RING1 and YY1 binding protein
chr6:102697588-102698088	chr6	102697588	102698088	Distal Intergenic	-96296	Mir6373	microRNA 6373
chr6:103428461-103428961	chr6	103428461	103428961	Distal Intergenic	-81625	Chl1	cell adhesion molecule L1-like
chr6:103544335-103544835	chr6	103544335	103544835	Intron (ENSMUST00000203912.2/12661, intron 1 of 26)	33005	Chl1	cell adhesion molecule L1-like
chr6:103613373-103613873	chr6	103613373	103613873	Intron (ENSMUST00000203912.2/12661, intron 1 of 26)	-83877	Chl1	cell adhesion molecule L1-like
chr6:108136650-108137150	chr6	108136650	108137150	Intron (ENSMUST00000032191.15/58911, intron 7 of 8)	7545	Sumf1	sulfatase modifying factor 1
chr6:108770901-108771401	chr6	108770901	108771401	Distal Intergenic	-11698	Arl8b	ADP-ribosylation factor-like 8B
chr6:108862331-108862831	chr6	108862331	108862831	Distal Intergenic	9940	Edem1	ER degradation enhancer, mannosidase alpha-like 1
chr6:110139162-110139662	chr6	110139162	110139662	Distal Intergenic	-505919	Grm7	glutamate receptor, metabotropic 7
chr6:113150922-113151422	chr6	113150922	113151422	Exon (ENSMUST00000042889.11/72895, exon 22 of 22)	22241	Setd5	SET domain containing 5
chr6:127118454-127118954	chr6	127118454	127118954	Distal Intergenic	-8897	Tigar	Trp53 induced glycolysis regulatory phosphatase
chr6:137665137-137665637	chr6	137665137	137665637	Distal Intergenic	-10261	Eps8	epidermal growth factor receptor pathway substrate 8
chr6:137897511-137898011	chr6	137897511	137898011	Distal Intergenic	60659	Dera	deoxyribose-phosphate aldolase
chr6:140748673-140749173	chr6	140748673	140749173	Intron (ENSMUST00000111844.1/ENSMUST00000111844.1, intron 1 of 1)	101856	Aebp2	AE binding protein 2
chr6:141635258-141635758	chr6	141635258	141635758	Promoter (<=1kb)	800	Slco1b2	solute carrier organic anion transporter family, member 1b2
chr6:141767671-141768171	chr6	141767671	141768171	Intron (ENSMUST00000148411.1/ENSMUST00000148411.1, intron 1 of 13)	77297	Slco1a4	solute carrier organic anion transporter family, member 1a4
chr6:146221267-146221767	chr6	146221267	146221767	Intron (ENSMUST00000079573.12/16439, intron 44 of 55)	5776	Itpr2	inositol 1,4,5-triphosphate receptor 2
chr6:148555751-148556251	chr6	148555751	148556251	Distal Intergenic	53482	Gm6313	predicted gene 6313
chr6:149283681-149284181	chr6	149283681	149284181	Exon (ENSMUST00000205001.1/ENSMUST00000205001.1, exon 1 of 1)	-25233	Resf1	retroelement silencing factor 1
chr6:149329187-149329687	chr6	149329187	149329687	Exon (ENSMUST00000046689.12/67246, exon 3 of 5)	3729	Resf1	retroelement silencing factor 1
chr6:149332994-149333494	chr6	149332994	149333494	Intron (ENSMUST00000046689.12/67246, intron 4 of 4)	7536	Resf1	retroelement silencing factor 1
chr7:3463112-3463612	chr7	3463112	3463612	Intron (ENSMUST00000203144.1/ENSMUST00000203144.1, intron 2 of 3)	38450	Cacng6	calcium channel, voltage-dependent, gamma subunit 6
chr7:3709569-3710069	chr7	3709569	3710069	Distal Intergenic	3953	Rps9	ribosomal protein S9
chr7:7196435-7196935	chr7	7196435	7196935	Distal Intergenic	13063	Zfp772	zinc finger protein 772
chr7:24804641-24805141	chr7	24804641	24805141	Distal Intergenic	-13654	Gm5893	predicted gene 5893
chr7:26675415-26675915	chr7	26675415	26675915	Intron (ENSMUST00000077356.6/243881, intron 4 of 8)	10522	Cyp2b23	cytochrome P450, family 2, subfamily b, polypeptide 23
chr7:34452679-34453179	chr7	34452679	34453179	Intron (ENSMUST00000140298.1/ENSMUST00000140298.1, intron 1 of 2)	-59364	Lsm14a	LSM14A mRNA processing body assembly factor
chr7:35492076-35492576	chr7	35492076	35492576	Intron (ENSMUST00000193633.5/71981, intron 12 of 29)	12432	Tdrd12	tudor domain containing 12
chr7:35821207-35821707	chr7	35821207	35821707	Intron (ENSMUST00000187873.1/78547, intron 2 of 2)	-18218	Zfp507	zinc finger protein 507
chr7:35836844-35837344	chr7	35836844	35837344	Intron (ENSMUST00000187873.1/78547, intron 2 of 2)	-33855	Zfp507	zinc finger protein 507
chr7:36095563-36096063	chr7	36095563	36096063	Distal Intergenic	-292574	Zfp507	zinc finger protein 507
chr7:36133488-36133988	chr7	36133488	36133988	Distal Intergenic	-330499	Zfp507	zinc finger protein 507
chr7:38251414-38251914	chr7	38251414	38251914	Distal Intergenic	19361	Pop4	processing of precursor 4, ribonuclease P/MRP family, (S. cerevisiae)
chr7:39706310-39706810	chr7	39706310	39706810	Distal Intergenic	188544	Zfp619	zinc finger protein 619
chr7:40543016-40543516	chr7	40543016	40543516	Distal Intergenic	-131221	4933402C06Rik	RIKEN cDNA 4933402C06 gene
chr7:46606905-46607405	chr7	46606905	46607405	Intron (ENSMUST00000033127.11/27414, intron 8 of 10)	-3663	Sergef	secretion regulating guanine nucleotide exchange factor
chr7:50522495-50522995	chr7	50522495	50522995	Intron (ENSMUST00000151721.7/338352, intron 9 of 9)	51111	Nell1os	NEL-like 1, opposite strand
chr7:51975253-51975753	chr7	51975253	51975753	Intron (ENSMUST00000129604.7/14453, intron 9 of 9)	29945	Svip	small VCP/p97-interacting protein
chr7:55870306-55870806	chr7	55870306	55870806	Promoter (1-2kb)	-1053	Cyfip1	cytoplasmic FMR1 interacting protein 1
chr7:56543112-56543612	chr7	56543112	56543612	Distal Intergenic	236874	Oca2	oculocutaneous albinism II
chr7:58789583-58790083	chr7	58789583	58790083	Intron (ENSMUST00000168747.2/11982, intron 7 of 20)	131337	Atp10a	ATPase, class V, type 10A
chr7:58863267-58863767	chr7	58863267	58863767	Distal Intergenic	205021	Atp10a	ATPase, class V, type 10A
chr7:63236549-63237049	chr7	63236549	63237049	Distal Intergenic	-23980	Chrna7	cholinergic receptor, nicotinic, alpha polypeptide 7
chr7:65410680-65411180	chr7	65410680	65411180	Intron (ENSMUST00000206228.1/21872, intron 2 of 4)	-39441	Tjp1	tight junction protein 1
chr7:74990007-74990507	chr7	74990007	74990507	Distal Intergenic	-39687	4930533N22Rik	RIKEN cDNA 4930533N22 gene
chr7:75152647-75153147	chr7	75152647	75153147	Intron (ENSMUST00000165175.7/64176, intron 4 of 12)	-4921	Sv2b	synaptic vesicle glycoprotein 2b
chr7:76341766-76342266	chr7	76341766	76342266	Intron (ENSMUST00000156166.7/244071, intron 5 of 22)	-68796	Agbl1	ATP/GTP binding protein-like 1
chr7:77132092-77132592	chr7	77132092	77132592	Distal Intergenic	721030	Agbl1	ATP/GTP binding protein-like 1
chr7:79317917-79318417	chr7	79317917	79318417	Intron (ENSMUST00000037315.12/54608, intron 3 of 10)	44663	Abhd2	abhydrolase domain containing 2
chr7:79799385-79799885	chr7	79799385	79799885	Distal Intergenic	-5597	Mesp1	mesoderm posterior 1
chr7:82663802-82664302	chr7	82663802	82664302	Intron (ENSMUST00000141726.7/101592, intron 4 of 6)	-5927	Efl1	elongation factor like GTPase 1
chr7:88260010-88260510	chr7	88260010	88260510	Distal Intergenic	-17575	Ctsc	cathepsin C
chr7:88444375-88444875	chr7	88444375	88444875	Intron (ENSMUST00000107256.3/72433, intron 1 of 2)	13981	Rab38	RAB38, member RAS oncogene family
chr7:88493899-88494399	chr7	88493899	88494399	Distal Intergenic	63505	Rab38	RAB38, member RAS oncogene family
chr7:90116566-90117066	chr7	90116566	90117066	Distal Intergenic	12411	2310010J17Rik	RIKEN cDNA 2310010J17 gene
chr7:92417491-92417991	chr7	92417491	92417991	Intron (ENSMUST00000231777.2/23859, intron 21 of 27)	-9678	Dlg2	discs large MAGUK scaffold protein 2
chr7:92896883-92897383	chr7	92896883	92897383	Intron (ENSMUST00000076052.7/72461, intron 1 of 8)	21583	Prcp	prolylcarboxypeptidase (angiotensinase C)
chr7:94113287-94113787	chr7	94113287	94113787	Intron (ENSMUST00000206116.1/ENSMUST00000206116.1, intron 1 of 1)	-929111	Gm15501	predicted pseudogene 15501
chr7:100046440-100046940	chr7	100046440	100046940	Distal Intergenic	24341	Chrdl2	chordin-like 2
chr7:102952838-102953338	chr7	102952838	102953338	Promoter (2-3kb)	2282	Or51a6	olfactory receptor family 51 subfamily A member 6
chr7:107752393-107752893	chr7	107752393	107752893	Exon (ENSMUST00000052438.7/320635, exon 7 of 9)	5103	Cyb5r2	cytochrome b5 reductase 2
chr7:109047914-109048414	chr7	109047914	109048414	3' UTR	9410	Ric3	RIC3 acetylcholine receptor chaperone
chr7:109082447-109082947	chr7	109082447	109082947	Promoter (<=1kb)	358	Ric3	RIC3 acetylcholine receptor chaperone
chr7:109187665-109188165	chr7	109187665	109188165	Distal Intergenic	-12458	Lmo1	LIM domain only 1
chr7:110116852-110117352	chr7	110116852	110117352	Intron (ENSMUST00000185931.6/69781, intron 2 of 3)	-4694	Wee1	WEE 1 homolog 1 (S. pombe)
chr7:111730394-111730894	chr7	111730394	111730894	Intron (ENSMUST00000049430.14/233733, intron 1 of 10)	49083	Galnt18	polypeptide N-acetylgalactosaminyltransferase 18
chr7:112278811-112279311	chr7	112278811	112279311	Intron (ENSMUST00000050149.11/320878, intron 3 of 19)	7512	Mical2	microtubule associated monooxygenase, calponin and LIM domain containing 2
chr7:116184515-116185015	chr7	116184515	116185015	Promoter (<=1kb)	0	Plekha7	pleckstrin homology domain containing, family A member 7
chr7:116457389-116457889	chr7	116457389	116457889	Distal Intergenic	-13940	Pik3c2a	phosphatidylinositol-4-phosphate 3-kinase catalytic subunit type 2 alpha
chr7:116494406-116494906	chr7	116494406	116494906	Distal Intergenic	-9463	Nucb2	nucleobindin 2
chr7:116515495-116515995	chr7	116515495	116515995	Intron (ENSMUST00000032895.14/53322, intron 2 of 13)	11080	Nucb2	nucleobindin 2
chr7:116728665-116729165	chr7	116728665	116729165	Distal Intergenic	199853	Nucb2	nucleobindin 2
chr7:117303639-117304139	chr7	117303639	117304139	Distal Intergenic	-76840	Xylt1	xylosyltransferase 1
chr7:117621386-117621886	chr7	117621386	117621886	Intron (ENSMUST00000160035.7/233781, intron 5 of 6)	145894	Xylt1	xylosyltransferase 1
chr7:120714392-120714892	chr7	120714392	120714892	Promoter (1-2kb)	1063	Mosmo	modulator of smoothened
chr7:121436531-121437031	chr7	121436531	121437031	Intron (ENSMUST00000084628.4/195646, intron 1 of 1)	44241	Hs3st2	heparan sulfate (glucosamine) 3-O-sulfotransferase 2
chr7:122123450-122123950	chr7	122123450	122123950	Promoter (<=1kb)	495	Palb2	partner and localizer of BRCA2
chr7:124227234-124227734	chr7	124227234	124227734	Intron (ENSMUST00000106437.1/628779, intron 1 of 1)	244365	Hs3st4	heparan sulfate (glucosamine) 3-O-sulfotransferase 4
chr7:125159487-125159987	chr7	125159487	125159987	Distal Intergenic	178285	4933440M02Rik	RIKEN cDNA 4933440M02 gene
chr7:128121486-128121986	chr7	128121486	128121986	Intron (ENSMUST00000098015.9/16409, intron 29 of 29)	5050	Itgam	integrin alpha M
chr7:134046184-134046684	chr7	134046184	134046684	Intron (ENSMUST00000067680.10/11489, intron 3 of 22)	-84919	Adam12	ADAM metallopeptidase domain 12
chr7:136882496-136882996	chr7	136882496	136882996	Distal Intergenic	-11618	Mgmt	O-6-methylguanine-DNA methyltransferase
chr7:138560037-138560537	chr7	138560037	138560537	Intron (ENSMUST00000209357.1/75187, intron 2 of 2)	5795	4930543N07Rik	RIKEN cDNA 4930543N07 gene
chr7:139994890-139995390	chr7	139994890	139995390	Promoter (2-3kb)	-2328	Adam8	a disintegrin and metallopeptidase domain 8
chr8:3544071-3544571	chr8	3544071	3544571	Promoter (1-2kb)	1971	Pnpla6	patatin-like phospholipase domain containing 6
chr8:9099790-9100290	chr8	9099790	9100290	Distal Intergenic	31998	4933430N04Rik	RIKEN cDNA 4933430N04 gene
chr8:10449099-10449599	chr8	10449099	10449599	Intron (ENSMUST00000207477.1/244281, intron 20 of 34)	176527	Myo16	myosin XVI
chr8:14618853-14619353	chr8	14618853	14619353	Intron (ENSMUST00000152652.7/244310, intron 3 of 14)	-123400	Dlgap2	DLG associated protein 2
chr8:18618438-18618938	chr8	18618438	18618938	Intron (ENSMUST00000039412.14/244329, intron 3 of 13)	-6625	Mcph1	microcephaly, primary autosomal recessive 1
chr8:18678868-18679368	chr8	18678868	18679368	Intron (ENSMUST00000039412.14/244329, intron 11 of 13)	20179	Angpt2	angiopoietin 2
chr8:18817170-18817670	chr8	18817170	18817670	Distal Intergenic	-28607	Agpat5	1-acylglycerol-3-phosphate O-acyltransferase 5
chr8:23507880-23508380	chr8	23507880	23508380	Distal Intergenic	96378	Sfrp1	secreted frizzled-related protein 1
chr8:26113292-26113792	chr8	26113292	26113792	Intron (ENSMUST00000037182.13/320191, intron 1 of 21)	5432	Hook3	hook microtubule tethering protein 3
chr8:26921257-26921757	chr8	26921257	26921757	Distal Intergenic	-40675	2310008N11Rik	RIKEN cDNA 2310008N11 gene
chr8:27105062-27105562	chr8	27105062	27105562	Intron (ENSMUST00000178514.7/78560, intron 2 of 15)	-8571	Adgra2	adhesion G protein-coupled receptor A2
chr8:27145786-27146286	chr8	27145786	27146286	Promoter (2-3kb)	2876	4933416M07Rik	RIKEN cDNA 4933416M07 gene
chr8:28738937-28739437	chr8	28738937	28739437	Intron (ENSMUST00000168630.3/210801, intron 8 of 17)	479990	Unc5d	unc-5 netrin receptor D
chr8:33186267-33186767	chr8	33186267	33186767	Distal Intergenic	143783	Wrn	Werner syndrome RecQ like helicase
chr8:35283543-35284043	chr8	35283543	35284043	Distal Intergenic	-91696	Ppp1r3b	protein phosphatase 1, regulatory subunit 3B
chr8:35662053-35662553	chr8	35662053	35662553	Intron (ENSMUST00000037666.5/52065, intron 1 of 2)	54776	Mfhas1	malignant fibrous histiocytoma amplified sequence 1
chr8:44307008-44307508	chr8	44307008	44307508	Distal Intergenic	-596959	Adam34	a disintegrin and metallopeptidase domain 34
chr8:45522833-45523333	chr8	45522833	45523333	Intron (ENSMUST00000067065.13/234214, intron 1 of 25)	14915	Sorbs2	sorbin and SH3 domain containing 2
chr8:45580010-45580510	chr8	45580010	45580510	Intron (ENSMUST00000067065.13/234214, intron 1 of 25)	-47229	Sorbs2	sorbin and SH3 domain containing 2
chr8:46036621-46037121	chr8	46036621	46037121	Intron (ENSMUST00000170416.7/102141, intron 15 of 17)	14141	Lrp2bp	Lrp2 binding protein
chr8:46886066-46886566	chr8	46886066	46886566	Distal Intergenic	78836	Irf2	interferon regulatory factor 2
chr8:47229995-47230495	chr8	47229995	47230495	Intron (ENSMUST00000079195.5/71069, intron 1 of 3)	-9760	Stox2	storkhead box 2
chr8:51196543-51197043	chr8	51196543	51197043	Distal Intergenic	828431	Gm2516	predicted gene 2516
chr8:53130301-53130801	chr8	53130301	53130801	Distal Intergenic	-380926	Aga	aspartylglucosaminidase
chr8:53749036-53749536	chr8	53749036	53749536	Distal Intergenic	-109971	Neil3	nei like 3 (E. coli)
chr8:54122279-54122779	chr8	54122279	54122779	Intron (ENSMUST00000033919.5/22341, intron 1 of 6)	44500	Vegfc	vascular endothelial growth factor C
chr8:54546943-54547443	chr8	54546943	54547443	Promoter (2-3kb)	-2888	Asb5	ankyrin repeat and SOCs box-containing 5
chr8:57569670-57570170	chr8	57569670	57570170	Intron (ENSMUST00000034021.11/108150, intron 2 of 11)	-31217	Galnt7	polypeptide N-acetylgalactosaminyltransferase 7
chr8:57721897-57722397	chr8	57721897	57722397	Intron (ENSMUST00000209274.1/ENSMUST00000209274.1, intron 2 of 2)	-68865	Galnt7	polypeptide N-acetylgalactosaminyltransferase 7
chr8:61561150-61561650	chr8	61561150	61561650	Intron (ENSMUST00000121200.8/72333, intron 1 of 11)	-27309	Palld	palladin, cytoskeletal associated protein
chr8:61789926-61790426	chr8	61789926	61790426	Intron (ENSMUST00000121785.8/72333, intron 2 of 21)	-29828	Palld	palladin, cytoskeletal associated protein
chr8:61911122-61911622	chr8	61911122	61911622	Intron (ENSMUST00000133752.1/ENSMUST00000133752.1, intron 2 of 2)	-8432	Palld	palladin, cytoskeletal associated protein
chr8:64957335-64957835	chr8	64957335	64957835	Promoter (1-2kb)	-1708	Tmem192	transmembrane protein 192
chr8:66342694-66343194	chr8	66342694	66343194	Intron (ENSMUST00000152320.7/72925, intron 5 of 8)	-43100	Marchf1	membrane associated ring-CH-type finger 1
chr8:67690012-67690512	chr8	67690012	67690512	3' UTR	127721	Psd3	pleckstrin and Sec7 domain containing 3
chr8:67803407-67803907	chr8	67803407	67803907	Intron (ENSMUST00000038959.15/234353, intron 8 of 14)	14326	Psd3	pleckstrin and Sec7 domain containing 3
chr8:68298681-68299181	chr8	68298681	68299181	Exon (ENSMUST00000213094.1/ENSMUST00000213094.1, exon 1 of 1)	16374	Sh2d4a	SH2 domain containing 4A
chr8:71312589-71313089	chr8	71312589	71313089	Intron (ENSMUST00000212935.1/17925, intron 2 of 39)	-20728	Myo9b	myosin IXb
chr8:72105389-72105889	chr8	72105389	72105889	Promoter (1-2kb)	-1151	Or1ab2	olfactory receptor family 1 subfamily AB member 2
chr8:72561383-72561883	chr8	72561383	72561883	Distal Intergenic	9166	Smim7	small integral membrane protein 7
chr8:72764843-72765343	chr8	72764843	72765343	Promoter (2-3kb)	2963	F2rl3	F2R like thrombin or trypsin receptor 3
chr8:73162239-73162739	chr8	73162239	73162739	Intron (ENSMUST00000004497.10/16795, intron 2 of 14)	-63326	Large1	LARGE xylosyl- and glucuronyltransferase 1
chr8:91840931-91841431	chr8	91840931	91841431	Distal Intergenic	-38864	Irx3	Iroquois related homeobox 3
chr8:92196449-92196949	chr8	92196449	92196949	Distal Intergenic	149921	Crnde	colorectal neoplasia differentially expressed, non-protein coding
chr8:95005477-95005977	chr8	95005477	95005977	Promoter (<=1kb)	-170	Adgrg1	adhesion G protein-coupled receptor G1
chr8:96453099-96453599	chr8	96453099	96453599	Distal Intergenic	-564552	Got2	glutamatic-oxaloacetic transaminase 2, mitochondrial
chr8:98572943-98573443	chr8	98572943	98573443	Distal Intergenic	-438443	Gm15679	predicted gene 15679
chr8:110018643-110019143	chr8	110018643	110019143	Distal Intergenic	20211	Chst4	carbohydrate sulfotransferase 4
chr8:110566007-110566507	chr8	110566007	110566507	Intron (ENSMUST00000043141.6/244653, intron 61 of 86)	-52078	Vac14	Vac14 homolog (S. cerevisiae)
chr8:111513004-111513504	chr8	111513004	111513504	Intron (ENSMUST00000038193.14/319481, intron 1 of 25)	8483	Wdr59	WD repeat domain 59
chr8:122585597-122586097	chr8	122585597	122586097	Intron (ENSMUST00000127664.1/108148, intron 1 of 15)	-4519	Galns	galactosamine (N-acetyl)-6-sulfatase
chr8:128679891-128680391	chr8	128679891	128680391	Distal Intergenic	-5263	Itgb1	integrin beta 1 (fibronectin receptor beta)
chr9:6037063-6037563	chr9	6037063	6037563	Distal Intergenic	-131021	Pdgfd	platelet-derived growth factor, D polypeptide
chr9:6250235-6250735	chr9	6250235	6250735	Intron (ENSMUST00000058692.8/71785, intron 1 of 6)	19111	Ddi1	DNA-damage inducible 1
chr9:6264775-6265275	chr9	6264775	6265275	3' UTR	4571	Ddi1	DNA-damage inducible 1
chr9:7575542-7576042	chr9	7575542	7576042	Intron (ENSMUST00000120900.7/234911, intron 4 of 9)	4079	Mmp27	matrix metallopeptidase 27
chr9:13584053-13584553	chr9	13584053	13584553	Intron (ENSMUST00000159294.8/270118, intron 1 of 4)	-37093	Maml2	mastermind like transcriptional coactivator 2
chr9:15396911-15397411	chr9	15396911	15397411	Distal Intergenic	-39123	Cep295	centrosomal protein 295
chr9:17451305-17451805	chr9	17451305	17451805	Distal Intergenic	-840320	Chordc1	cysteine and histidine rich domain containing 1
chr9:17466363-17466863	chr9	17466363	17466863	Distal Intergenic	-825262	Chordc1	cysteine and histidine rich domain containing 1
chr9:24412093-24412593	chr9	24412093	24412593	3' UTR	11366	Dpy19l1	dpy-19 like C-mannosyltransferase 1
chr9:26612283-26612783	chr9	26612283	26612783	Distal Intergenic	-120945	B3gat1	beta-1,3-glucuronyltransferase 1
chr9:27261899-27262399	chr9	27261899	27262399	Distal Intergenic	-36805	Igsf9b	immunoglobulin superfamily, member 9B
chr9:31543970-31544470	chr9	31543970	31544470	Distal Intergenic	-79508	Tmem45b	transmembrane protein 45b
chr9:32672254-32672754	chr9	32672254	32672754	Intron (ENSMUST00000183879.1/23871, intron 3 of 3)	-23268	Ets1	Ets proto-oncogene 1, transcription factor
chr9:32899813-32900313	chr9	32899813	32900313	Distal Intergenic	28653	Gm27162	predicted gene 27162
chr9:33578551-33579051	chr9	33578551	33579051	Distal Intergenic	-463318	7630403G23Rik	RIKEN cDNA 7630403G23 gene
chr9:33883631-33884131	chr9	33883631	33884131	Distal Intergenic	-158238	7630403G23Rik	RIKEN cDNA 7630403G23 gene
chr9:37317982-37318482	chr9	37317982	37318482	Intron (ENSMUST00000217440.1/ENSMUST00000217440.1, intron 2 of 2)	29875	Ccdc15	coiled-coil domain containing 15
chr9:37323301-37323801	chr9	37323301	37323801	Exon (ENSMUST00000217440.1/ENSMUST00000217440.1, exon 3 of 3)	24556	Ccdc15	coiled-coil domain containing 15
chr9:37636635-37637135	chr9	37636635	37637135	Intron (ENSMUST00000213126.1/22619, intron 8 of 10)	-5545	Siae	sialic acid acetylesterase
chr9:40631892-40632392	chr9	40631892	40632392	Distal Intergenic	-53570	Clmp	CXADR-like membrane protein
chr9:41490056-41490556	chr9	41490056	41490556	Intron (ENSMUST00000233562.1/73144, intron 6 of 6)	14996	Mir100hg	Mir100 Mirlet7a-2 Mir125b-1 cluster host gene
chr9:53547768-53548268	chr9	53547768	53548268	Intron (ENSMUST00000035850.7/244879, intron 2 of 17)	10721	Npat	nuclear protein in the AT region
chr9:53640851-53641351	chr9	53640851	53641351	Intron (ENSMUST00000166367.7/75717, intron 6 of 17)	5461	Cul5	cullin 5
chr9:57390932-57391432	chr9	57390932	57391432	Intron (ENSMUST00000215961.1/66812, intron 4 of 4)	29886	Ppcdc	phosphopantothenoylcysteine decarboxylase
chr9:67334004-67334504	chr9	67334004	67334504	Exon (ENSMUST00000040025.13/70549, exon 25 of 58)	-3357	Tln2	talin 2
chr9:68016570-68017070	chr9	68016570	68017070	Distal Intergenic	8644	Gm20745	predicted gene, 20745
chr9:70581240-70581740	chr9	70581240	70581740	Exon (ENSMUST00000216816.1/66660, exon 14 of 21)	5832	Sltm	SAFB-like, transcription modulator
chr9:72485208-72485708	chr9	72485208	72485708	Promoter (1-2kb)	1087	Tex9	testis expressed gene 9
chr9:73757475-73757975	chr9	73757475	73757975	Exon (ENSMUST00000184666.7/208898, exon 6 of 33)	175592	Unc13c	unc-13 homolog C
chr9:74366063-74366563	chr9	74366063	74366563	Distal Intergenic	91929	Wdr72	WD repeat domain 72
chr9:75223586-75224086	chr9	75223586	75224086	3' UTR	-7934	Myo5c	myosin VC
chr9:76715556-76716056	chr9	76715556	76716056	Distal Intergenic	-148440	Fam83b	family with sequence similarity 83, member B
chr9:77452288-77452788	chr9	77452288	77452788	Exon (ENSMUST00000183873.7/214345, exon 9 of 14)	-9797	Lrrc1	leucine rich repeat containing 1
chr9:79215950-79216450	chr9	79215950	79216450	Intron (ENSMUST00000215508.1/ENSMUST00000215508.1, intron 1 of 1)	302852	Gm10635	predicted gene 10635
chr9:82048847-82049347	chr9	82048847	82049347	Intron (ENSMUST00000189832.6/75033, intron 4 of 4)	185138	Mei4	meiotic double-stranded break formation protein 4
chr9:83258197-83258697	chr9	83258197	83258697	Distal Intergenic	-111512	Hmgn3	high mobility group nucleosomal binding domain 3
chr9:86030722-86031222	chr9	86030722	86031222	Distal Intergenic	187361	Tpbg	trophoblast glycoprotein
chr9:88498230-88498730	chr9	88498230	88498730	Distal Intergenic	-15656	Syncrip	synaptotagmin binding, cytoplasmic RNA interacting protein
chr9:90931441-90931941	chr9	90931441	90931941	Distal Intergenic	-430472	Zic4	zinc finger protein of the cerebellum 4
chr9:92055626-92056126	chr9	92055626	92056126	Distal Intergenic	-136810	Plscr5	phospholipid scramblase family, member 5
chr9:92617703-92618203	chr9	92617703	92618203	Distal Intergenic	22358	Plod2	procollagen lysine, 2-oxoglutarate 5-dioxygenase 2
chr9:92666338-92666838	chr9	92666338	92666838	Distal Intergenic	-50618	4933400C23Rik	RIKEN cDNA 4933400C23 gene
chr9:93010557-93011057	chr9	93010557	93011057	Distal Intergenic	-4818	1700034K08Rik	RIKEN cDNA 1700034K08 gene
chr9:94558143-94558643	chr9	94558143	94558643	Distal Intergenic	-20062	Dipk2a	divergent protein kinase domain 2A
chr9:95578175-95578675	chr9	95578175	95578675	Distal Intergenic	18518	Paqr9	progestin and adipoQ receptor family member IX
chr9:96054457-96054957	chr9	96054457	96054957	3' UTR	-64405	Gk5	glycerol kinase 5
chr9:98943900-98944400	chr9	98943900	98944400	Distal Intergenic	9884	Foxl2os	forkhead box L2, opposite strand
chr9:100450569-100451069	chr9	100450569	100451069	Intron (ENSMUST00000187637.1/ENSMUST00000187637.1, intron 1 of 1)	10666	Il20rb	interleukin 20 receptor beta
chr9:101282162-101282662	chr9	101282162	101282662	Distal Intergenic	-30367	Ppp2r3a	protein phosphatase 2, regulatory subunit B'', alpha
chr9:111396577-111397077	chr9	111396577	111397077	Distal Intergenic	10233	Trank1	tetratricopeptide repeat and ankyrin repeat containing 1
chr9:112394039-112394539	chr9	112394039	112394539	Intron (ENSMUST00000216779.1/ENSMUST00000216779.1, intron 1 of 1)	137465	2900079G21Rik	RIKEN cDNA 2900079G21 gene
chr9:112539322-112539822	chr9	112539322	112539822	Distal Intergenic	282748	2900079G21Rik	RIKEN cDNA 2900079G21 gene
chr9:112581975-112582475	chr9	112581975	112582475	Distal Intergenic	325401	2900079G21Rik	RIKEN cDNA 2900079G21 gene
chr9:116702579-116703079	chr9	116702579	116703079	Intron (ENSMUST00000111773.9/207181, intron 7 of 14)	119727	Rbms3	RNA binding motif, single stranded interacting protein
chr9:118245669-118246169	chr9	118245669	118246169	Distal Intergenic	95438	Gm17399	predicted gene, 17399
chr9:123238561-123239061	chr9	123238561	123239061	Distal Intergenic	21703	Tmem158	transmembrane protein 158
chr9:123579996-123580496	chr9	123579996	123580496	Intron (ENSMUST00000026270.8/83493, intron 13 of 19)	-5742	Sacm1l	SAC1 suppressor of actin mutations 1-like (yeast)
chr9:123605257-123605757	chr9	123605257	123605757	Intron (ENSMUST00000026273.9/22599, intron 5 of 10)	18769	Sacm1l	SAC1 suppressor of actin mutations 1-like (yeast)
chr9:123964633-123965133	chr9	123964633	123965133	Intron (ENSMUST00000026911.5/12768, intron 1 of 1)	3559	Ccr1	C-C motif chemokine receptor 1
chrUn_JH584304:38285-38785	chrUn_JH584304	38285	38785	Distal Intergenic	20882	Pisd-ps3	phosphatidylserine decarboxylase, pseudogene 3
chrX:9809554-9810054	chrX	9809554	9810054	Distal Intergenic	-36874	H2ap	H2A.P histone
chrX:13306432-13306932	chrX	13306432	13306932	Distal Intergenic	18647	Ddx3x	DEAD box helicase 3, X-linked
chrX:45129850-45130350	chrX	45129850	45130350	Distal Intergenic	38946	Prr32	proline rich 32
chrX:51078791-51079291	chrX	51078791	51079291	Distal Intergenic	48079	Mbnl3	muscleblind like splicing factor 3
chrX:57309840-57310340	chrX	57309840	57310340	Intron (ENSMUST00000033468.10/73341, intron 2 of 21)	-8981	Arhgef6	Rac/Cdc42 guanine nucleotide exchange factor 6
chrX:69795937-69796437	chrX	69795937	69796437	Intron (ENSMUST00000033532.6/14266, intron 8 of 19)	-60258	Aff2	AF4/FMR2 family, member 2
chrX:72887889-72888389	chrX	72887889	72888389	Distal Intergenic	28467	Cetn2	centrin 2
chrX:76141206-76141706	chrX	76141206	76141706	Distal Intergenic	-122598	Cldn34b3	claudin 34B3
chrX:88141889-88142389	chrX	88141889	88142389	Distal Intergenic	-26244	Il1rapl1	interleukin 1 receptor accessory protein-like 1
chrX:101914121-101914621	chrX	101914121	101914621	Intron (ENSMUST00000125115.1/100042480, intron 1 of 1)	-47176	Nhsl2	NHS like 2
chrX:109231708-109232208	chrX	109231708	109232208	Distal Intergenic	34950	Tasl2	TLR adaptor interacting with endolysosomal SLC15A4 2
chrX:138437947-138438447	chrX	138437947	138438447	Intron (ENSMUST00000113063.7/60367, intron 5 of 10)	-228367	Tex13a	testis expressed 13A
chrX:140838188-140838688	chrX	140838188	140838688	Distal Intergenic	-24755	Tex13b	testis expressed 13B
chrX:160307548-160308048	chrX	160307548	160308048	Distal Intergenic	-82642	Adgrg2	adhesion G protein-coupled receptor G2
